Workbook

Sheet 00_결론요약
A1: V2 vs V3 정성 산출물 비교 — 결론
A2: 비교 대상: V2 consultant_safe_v10_1!G열 ↔ V3 Qualitative!H열 · EBX Indicator 95개 정합 · 양쪽 작성분 65개 직접 비교
A4: 한 줄 결론
A5: 두 버전은 서로 다른 실패를 합니다. V2는 "많이 쓰지만 근거보다 앞서 나가고", V3는 "근거 안에 머물지만 항목을 못 채우고 기계 티가 납니다". 보고서 초안으로 바로 쓰기에는 V2가, 사실 검증 리스크가 낮은 재료로는 V3가 낫습니다. 두 관점 모두에서 총점은 V2가 앞서지만, V3의 패인 대부분은 문장력이 아니라 제거 가능한 파이프라인 결함(출처 헤지구, 과보수적 QA 차단)입니다.
A7: V2가 우세한 항목
A8: 완전성(작성률 86.3% vs 73.7%) · 항목 적합성(0.856 vs 0.612, 43/65승) · 구체성(1천자당 숫자 23.3 vs 12.8) · 균형성(리스크 언급 59.8% vs 37.1%) · 문장 자연스러움(기계적 삽입구 0건 vs 24건).
A10: V3가 우세한 항목
A11: 근거 충실성·검증가능성(0.408 → 0.629, 59/65승 — 가장 큰 격차) · 상투어 절제(1천자당 5.79 → 3.78).
A13: 사실상 동률인 항목
A14: 어휘 다양성(MATTR 0.9386 vs 0.9380) · 명확성(평균 문장 93.0자 vs 94.1자) · 문체 리듬 다양성(길이 통제 시 CV 0.242 vs 0.249).
A16: ★ 오판하기 쉬운 지점
A17: 전체 평균만 보면 V2의 버스티니스(문장 길이 변동)가 훨씬 높아 "V2가 더 사람 같다"는 결론이 나옵니다. 하지만 이는 V3 답변이 평균 2.3문장으로 짧아서 생긴 착시입니다. 3문장 이상인 28건만 비교하면 0.242 vs 0.249로 오히려 V3가 근소 우위입니다. 어휘 다양성도 마찬가지로 길이를 맞추면 차이가 사라집니다. 즉 두 버전의 문장력 자체에는 유의미한 차이가 없고, 차이는 전부 "무엇을 얼마나 쓸 것인가"라는 정책에서 나옵니다.
... A28: 총점 (02_종합비교 시트 연동)
A29: 관점 | B29: V2 | C29: V3 | D29: 우세
A30: 가중치A — 보고서 초안 품질 | B30: ='02_종합비교'!B17 -> 80.8 | C30: ='02_종합비교'!C17 -> 70 | D30: ='02_종합비교'!D17 -> V2 우세
A31: 가중치B — 사람이 쓴 글 같은가 | B31: ='02_종합비교'!B18 -> 83.2 | C31: ='02_종합비교'!C18 -> 67 | D31: ='02_종합비교'!D18 -> V2 우세
A32: 항목 승패 (10개 항목) | B32: ='02_종합비교'!B20 -> 5 | C32: ='02_종합비교'!C20 -> 2 | D32: ='02_종합비교'!D20 -> 3건 동률

Sheet 01_평가기준
A1: 정성 산출물 V2 vs V3 비교 — 평가 기준 설계
A2: V2: [langgraph][daewoong-company]final_report(2026.08.10) — 시트 consultant_safe_v10_1 · G열 Final Answer
A3: V3: [langgraph][v3][Daewoong]report-2026.08.11_9 — 시트 Qualitative · H열 Final Answer
A4: A열 EBX Indicator 기준으로 정합 — 양쪽 모두 95개 지표, 100% 일치 (누락·초과 없음). 둘 다 작성된 65개가 직접 비교 대상.
A6: 왜 이 기준인가
A7: "사람이 쓴 것 같은가"는 단일 척도로 측정되지 않습니다. 문헌상 두 갈래가 별개로 다뤄집니다. (1) 내용 품질 — 지속가능경영보고서라는 장르 자체의 품질 기준은 GRI 1: Foundation 2021의 보고원칙(정확성·균형·명확성·비교가능성·완전성·검증가능성)이 사실상 표준입니다. (2) 문체 인간유사성 — AI 텍스트 탐지 연구는 일관되게 문장 길이 변동(버스티니스), 어휘 다양성, 상투구 반복률을 인간/기계 구분 신호로 씁니다. 여기에 NLG 인간평가에서 표준적으로 쓰이는 축(유창성·충실성·정보성)을 겹쳐 10개 항목을 구성했습니다. 각 항목은 이 두 파일에서 실제로 계산 가능한 대리지표(proxy)로만 정의했습니다 — 주관적 인상 점수는 넣지 않았습니다.
A9: 항목 | B9: 무엇을 보는가 | C9: 측정 방법(이 파일에서 실제 계산한 값) | D9: 근거 문헌 | E9: 가중치A(보고품질) | F9: 가중치B(인간유사성)
A10: C1 완전성 | B10: 요구된 95개 지표 중 실제로 글이 채워진 비율 | C10: 비어있지 않은 셀 비율 | D10: GRI 1 — Completeness | E10: 12 | F10: 5
A11: C2 항목 적합성 | B11: Field(항목명)가 요구하는 주제를 본문이 실제로 다루는가 | C11: Field 말단 키워드가 본문에 출현하는 비율 | D11: GRI 1 — Completeness / NLG Relevance | E11: 12 | F11: 8
A12: C3 근거 충실성·검증가능성 | B12: 본문이 Original Evidence에 실제로 근거하는가(=지어내지 않았는가) | C12: 본문 문자 4-gram 중 Evidence에도 존재하는 비율 | D12: GRI 1 — Accuracy, Verifiability / NLG Faithfulness | E12: 18 | F12: 10
A13: C4 균형성 | B13: 성과만 나열하지 않고 리스크·미흡·과제도 언급하는가 | C13: 부정·과제 어휘(리스크/미흡/한계/개선 필요 등) 포함 답변 비율 | D13: GRI 1 — Balance | E13: 10 | F13: 8
A14: C5 구체성 | B14: 수치·연도·고유명사 등 검증 가능한 사실이 들어있는가 | C14: 1천자당 숫자 출현 수, 연도 언급 답변 비율 | D14: GRI 1 — Accuracy / NLG Informativeness | E14: 10 | F14: 10
A15: C6 명확성 | B15: 한 문장이 지나치게 길어 독해를 방해하지 않는가 | C15: 평균 문장 길이, 120자 초과 장문 비율 | D15: GRI 1 — Clarity | E15: 10 | F15: 14
A16: C7 문장 자연스러움·문법 무결성 | B16: 사람이 쓴 문장으로 읽히는가 / 기계적 삽입구가 없는가 | C16: 출처 헤지구("~자료상") 출현 답변 비율, 문장 중간 접속 파손 건수 | D16: NLG Human Eval — Fluency | E16: 12 | F16: 22
A17: C8 문체 리듬 다양성(버스티니스) | B17: 문장 길이가 단조롭지 않고 인간처럼 들쭉날쭉한가 | C17: 문장 길이 변동계수(CV) — 3문장 이상 답변으로 길이 통제 | D17: AI 탐지 문헌 — Burstiness | E17: 5 | F17: 10
A18: C9 상투어·템플릿 회피 | B18: "지속적으로/적극적으로/체계적으로" 류 무내용 표현이 과하지 않은가 | C18: 1천자당 상투어 출현 수(낮을수록 우수) | D18: AI 탐지 문헌 — Lexical repetitiveness | E18: 6 | F18: 9
A19: C10 어휘 다양성 | B19: 같은 단어를 돌려쓰지 않는가 | C19: MATTR(이동창 40어절 Type-Token Ratio) — 길이 통제 | D19: AI 탐지 문헌 — Lexical density / TTR | E19: 5 | F19: 4
A20: 합계 | E20: =SUM(E10:E19) -> 100 | F20: =SUM(F10:F19) -> 100
A22: 가중치 두 벌을 쓰는 이유
A23: 가중치A는 "보고서 초안으로서 얼마나 쓸 만한가"를 봅니다 — 근거 충실성과 완전성에 무게를 둡니다. 가중치B는 요청하신 "사람이 쓴 것과 얼마나 비슷한가"를 봅니다 — 유창성·명확성·문체 지표에 무게를 둡니다. 두 관점에서 승자가 갈릴 수 있으므로 분리했습니다. 가중치는 조정 가능한 입력값입니다(E·F열, 노란색).
A25: 출처
A26: · GRI 1: Foundation 2021 — 보고원칙 8개(정확성·균형·명확성·비교가능성·완전성·지속가능성 맥락·적시성·검증가능성). globalreporting.org
A27: · Howcroft et al. (2020), "Twenty Years of Confusion in Human Evaluation", INLG — NLG 인간평가 표준 축(유창성/충실성/정보성). aclanthology.org/2020.inlg-1.23
A28: · AI 생성문 탐지 문헌 — AI 텍스트는 인간 대비 문장 길이가 균일(낮은 버스티니스)하고 어휘 반복률이 높다는 것이 공통 관찰. 단, 버스티니스·퍼플렉시티는 단독 지표로는 오판율이 높다는 반론(Pangram)도 함께 반영해 보조 지표로만 사용.
A29: · 주의: 적시성·비교가능성·지속가능성 맥락은 단일 문단 단위로는 판정할 수 없어 평가에서 제외했습니다.

Sheet 02_종합비교
A1: 종합 비교 스코어카드 — V2 vs V3
A2: 점수 5점 척도. 점수는 04_항목별비교의 실측값에서 도출했으며, 근거가 되는 실측 수치를 같은 행에 병기했습니다.
A4: 항목 | B4: V2 점수 | C4: V3 점수 | D4: 우세 | E4: 실측 근거 (V2 → V3) | F4: 판정 사유 | G4: 신뢰도
A5: C1 완전성 | B5: 5 | C5: 3 | D5: =IF(B5>C5,"V2",IF(C5>B5,"V3","동률")) -> V2 | E5: 작성률 86.3%(82/95) → 73.7%(70/95) | F5: V3 미작성 25건은 전부 QA 차단(blocked)에 의한 의도적 공란. 품질관리는 건전하나 산출물 관점에서는 빈칸. | G5: 높음
A6: C2 항목 적합성 | B6: 5 | C6: 3 | D6: =IF(B6>C6,"V2",IF(C6>B6,"V3","동률")) -> V2 | E6: 항목 키워드 충족률 0.856 → 0.612 (V2 우세 43/65) | F6: 3문장 이상으로 길이 통제해도 0.863 → 0.723으로 격차 유지. V3는 항목이 요구한 내용을 빠뜨리는 경우가 있음(예: Q-063 다양성 현황에서 인원 수치 전면 누락). | G6: 높음
A7: C3 근거 충실성·검증가능성 | B7: 2 | C7: 5 | D7: =IF(B7>C7,"V2",IF(C7>B7,"V3","동률")) -> V3 | E7: 근거일치율 0.408 → 0.629 (V3 우세 59/65) | F7: V2는 Evidence에 없는 서술을 다수 추가. V2 자체 검토열도 Evidence 부족(Thiếu)을 64건 지적. 길이 통제(V2 앞 2문장 0.477 vs V3 전체 0.629)해도 V3 우세 유지. | G7: 높음
A8: C4 균형성 | B8: 4 | C8: 3 | D8: =IF(B8>C8,"V2",IF(C8>B8,"V3","동률")) -> V2 | E8: 리스크·과제 언급 답변 비율 59.8% → 37.1% | F8: V2가 부정·과제 서술을 더 자주 포함. 다만 V2 본문이 2.6배 길어 발생 확률이 높은 점을 감안해 격차를 1점으로만 반영. | G8: 중간
A9: C5 구체성 | B9: 5 | C9: 3 | D9: =IF(B9>C9,"V2",IF(C9>B9,"V3","동률")) -> V2 | E9: 1천자당 숫자 23.3개 → 12.8개, 연도 언급률 39.0% → 18.6% | F9: 길이로 정규화해도 V2가 약 1.8배. V3는 요약 과정에서 수치를 탈락시키는 경향. | G9: 높음
A10: C6 명확성 | B10: 4 | C10: 4 | D10: =IF(B10>C10,"V2",IF(C10>B10,"V3","동률")) -> 동률 | E10: 평균 문장 93.0자 → 94.1자, 120자 초과 장문 비율 15.6% → 18.0% | F10: 실질적 동률. 양쪽 모두 한 문장이 다소 길어 국문 보고서 권장선(60~80자)을 상회. | G10: 높음
A11: C7 문장 자연스러움·문법 무결성 | B11: 5 | C11: 2 | D11: =IF(B11>C11,"V2",IF(C11>B11,"V3","동률")) -> V2 | E11: 출처 헤지구 삽입 0건 → 24건(작성분의 34.3%), 문장 파손 0건 → 5건 | F11: V3의 "검토 중인 제안 자료상", "외부 평가 자료상"은 사람이 쓴 보고서에 등장하지 않는 파이프라인 잔여물. "외부 평가 자료상 또한," 처럼 접속을 끊고 들어가 비문을 만드는 사례 5건. | G11: 높음
A12: C8 문체 리듬 다양성(버스티니스) | B12: 4 | C12: 4 | D12: =IF(B12>C12,"V2",IF(C12>B12,"V3","동률")) -> 동률 | E12: 문장길이 CV 0.242 → 0.249 (3문장 이상 28건 기준) | F12: 전체 평균으로는 V2가 높아 보이나(0.230 vs 0.185) 이는 V3 답변이 평균 2.3문장으로 짧은 데서 온 착시. 길이를 맞추면 동률이며 오히려 V3가 근소 우위. | G12: 중간
A13: C9 상투어·템플릿 회피 | B13: 3 | C13: 4 | D13: =IF(B13>C13,"V2",IF(C13>B13,"V3","동률")) -> V3 | E13: 1천자당 상투어 5.79개 → 3.78개 (낮을수록 우수) | F13: V3가 무내용 부사·상투 술어를 덜 씀. 3문장 이상 통제 시에도 5.33 → 3.65로 V3 우세 유지. | G13: 높음
A14: C10 어휘 다양성 | B14: 4 | C14: 4 | D14: =IF(B14>C14,"V2",IF(C14>B14,"V3","동률")) -> 동률 | E14: MATTR 0.9386 → 0.9380 (V2 앞 2문장 vs V3 전체, 길이 통제) | F14: 통계적으로 무의미한 차이. 길이 미통제 시에도 0.940 vs 0.938로 동률. | G14: 높음
A16: 가중 합계 (100점 환산)
A17: 가중치A — 보고서 초안 품질 관점 | B17: =SUMPRODUCT(B5:B14,'01_평가기준'!$E$10:$E$19)/5 -> 80.8 | C17: =SUMPRODUCT(C5:C14,'01_평가기준'!$E$10:$E$19)/5 -> 70 | D17: =IF(B17>C17,"V2 우세",IF(C17>B17,"V3 우세","동률")) -> V2 우세
A18: 가중치B — 사람이 쓴 글 같은가 관점 | B18: =SUMPRODUCT(B5:B14,'01_평가기준'!$F$10:$F$19)/5 -> 83.2 | C18: =SUMPRODUCT(C5:C14,'01_평가기준'!$F$10:$F$19)/5 -> 67 | D18: =IF(B18>C18,"V2 우세",IF(C18>B18,"V3 우세","동률")) -> V2 우세
A19: 단순 평균 (가중 없음) | B19: =AVERAGE(B5:B14)*20 -> 82 | C19: =AVERAGE(C5:C14)*20 -> 70 | D19: =IF(B19>C19,"V2 우세",IF(C19>B19,"V3 우세","동률")) -> V2 우세
A20: 항목 승패 (V2승 / V3승 / 동률) | B20: =COUNTIF(D5:D14,"V2") -> 5 | C20: =COUNTIF(D5:D14,"V3") -> 2 | D20: =COUNTIF(D5:D14,"동률")&"건 동률" -> 3건 동률

Sheet 03_지표실측
A1: 실측 지표 원본 — 04_항목별비교 시트를 집계한 값
A2: 모든 수치는 04 시트를 참조하는 수식입니다. 04 시트 값이 바뀌면 여기도 함께 갱신됩니다.
A3: "양쪽 작성분(65건) 기준" = V2·V3 모두 본문이 있는 지표만 대상. 한쪽만 작성된 건은 문체 비교에서 제외해야 공정합니다.
A5: 구분 | B5: 지표 | C5: V2 | D5: V3 | E5: 우세 | F5: 해석 / 주의
A6: 규모 | B6: 작성 건수 (전체 95개 중) | C6: =SUM('04_항목별비교'!F2:F96) -> 82 | D6: =SUM('04_항목별비교'!G2:G96) -> 70 | E6: =IF(C6>D6,"V2",IF(D6>C6,"V3","동률")) -> V2 | F6: V2 82건 / V3 70건. 양쪽 모두 작성 65건, V2만 17건, V3만 5건, 둘 다 공란 8건.
A7: 규모 | B7: 평균 글자수 (양쪽 작성분) | C7: =AVERAGEIFS('04_항목별비교'!H2:H96,'04_항목별비교'!$F$2:$F$96,1,'04_항목별비교'!$G$2:$G$96,1) -> 555.23077 | D7: =AVERAGEIFS('04_항목별비교'!I2:I96,'04_항목별비교'!$F$2:$F$96,1,'04_항목별비교'!$G$2:$G$96,1) -> 215.61538 | E7: 참고 | F7: V2가 2.6배 길다. 이 길이 차이가 아래 여러 지표를 오염시키므로 길이 통제 결과를 반드시 함께 볼 것.
A8: 규모 | B8: 평균 문장수 (양쪽 작성분) | C8: =AVERAGEIFS('04_항목별비교'!J2:J96,'04_항목별비교'!$F$2:$F$96,1,'04_항목별비교'!$G$2:$G$96,1) -> 5.9076923 | D8: =AVERAGEIFS('04_항목별비교'!K2:K96,'04_항목별비교'!$F$2:$F$96,1,'04_항목별비교'!$G$2:$G$96,1) -> 2.3076923 | E8: 참고 | F8: V2 5.9문장 / V3 2.3문장. V3는 사실상 요약문 수준의 분량.
A9: 명확성 | B9: 평균 문장 길이(자) | C9: =AVERAGEIFS('04_항목별비교'!L2:L96,'04_항목별비교'!$F$2:$F$96,1,'04_항목별비교'!$G$2:$G$96,1) -> 92.989231 | D9: =AVERAGEIFS('04_항목별비교'!M2:M96,'04_항목별비교'!$F$2:$F$96,1,'04_항목별비교'!$G$2:$G$96,1) -> 94.090769 | E9: 참고 | F9: 93.0자 vs 94.1자 — 사실상 동률. 양쪽 다 국문 보고서 권장 60~80자를 넘김(공통 개선 지점).
A10: 명확성 | B10: 120자 초과 장문 비율 | C10: 0.156 | D10: 0.18 | E10: =IF(C10<D10,"V2",IF(D10<C10,"V3","동률")) -> V2 | F10: V2 60/384문장, V3 27/150문장. 근소하게 V2 우세.
A11: 문체 | B11: 문장길이 변동계수 CV (전체) | C11: =AVERAGEIFS('04_항목별비교'!N2:N96,'04_항목별비교'!$F$2:$F$96,1,'04_항목별비교'!$G$2:$G$96,1) -> 0.23001538 | D11: =AVERAGEIFS('04_항목별비교'!O2:O96,'04_항목별비교'!$F$2:$F$96,1,'04_항목별비교'!$G$2:$G$96,1) -> 0.18466154 | E11: =IF(C11>D11,"V2",IF(D11>C11,"V3","동률")) -> V2 | F11: 표면상 V2 우세(0.230 vs 0.185)이나 V3 답변이 짧아 생긴 착시.
A12: 문체 | B12: 문장길이 CV — 3문장 이상 28건만 | C12: 0.242 | D12: 0.249 | E12: =IF(C12>D12,"V2",IF(D12>C12,"V3","동률")) -> V3 | F12: ★ 길이를 맞추면 뒤집힘. 버스티니스는 사실상 동률이며 V3가 근소 우위. 전체 평균만 보면 오판하게 되는 대표 사례.
A13: 문체 | B13: MATTR 어휘다양성 (전체) | C13: =AVERAGEIFS('04_항목별비교'!P2:P96,'04_항목별비교'!$F$2:$F$96,1,'04_항목별비교'!$G$2:$G$96,1) -> 0.94024462 | D13: =AVERAGEIFS('04_항목별비교'!Q2:Q96,'04_항목별비교'!$F$2:$F$96,1,'04_항목별비교'!$G$2:$G$96,1) -> 0.93803231 | E13: =IF(C13>D13,"V2",IF(D13>C13,"V3","동률")) -> V2 | F13: 0.940 vs 0.938 — 차이 없음.
A14: 문체 | B14: MATTR — 길이 통제(V2 앞2문장 vs V3 전체) | C14: 0.9386 | D14: 0.938 | E14: 참고 | F14: 차이 0.0006 — 동률 확정. 어휘 다양성으로는 두 버전을 구분할 수 없음.
A15: 문체 | B15: 1천자당 상투어 수 | C15: =AVERAGEIFS('04_항목별비교'!V2:V96,'04_항목별비교'!$F$2:$F$96,1,'04_항목별비교'!$G$2:$G$96,1) -> 5.7872308 | D15: =AVERAGEIFS('04_항목별비교'!W2:W96,'04_항목별비교'!$F$2:$F$96,1,'04_항목별비교'!$G$2:$G$96,1) -> 3.7833846 | E15: =IF(C15<D15,"V2",IF(D15<C15,"V3","동률")) -> V3 | F15: ★ V3 우세. "지속적으로/적극적으로/체계적으로/노력하고 있습니다" 등. 3문장 이상 통제 시에도 5.33 vs 3.65로 유지.
A16: 충실성 | B16: 근거일치율 (Evidence 대비 문자 4-gram 중복) | C16: =AVERAGEIFS('04_항목별비교'!R2:R96,'04_항목별비교'!$F$2:$F$96,1,'04_항목별비교'!$G$2:$G$96,1) -> 0.40770769 | D16: =AVERAGEIFS('04_항목별비교'!S2:S96,'04_항목별비교'!$F$2:$F$96,1,'04_항목별비교'!$G$2:$G$96,1) -> 0.62856923 | E16: =IF(C16>D16,"V2",IF(D16>C16,"V3","동률")) -> V3 | F16: ★ 가장 큰 격차. V3 우세 59/65. V2는 Evidence에 없는 서술을 상당량 생성.
A17: 충실성 | B17: 근거일치율 — V2 내부: 앞2문장(C열) vs 뒤문장(D열) | C17: 0.477 | D17: 0.357 | E17: 참고 | F17: ★ V2 내부 대조이므로 C·D열은 V2/V3가 아님. 뒤로 갈수록 근거에서 멀어짐(57건 중 46건). V2의 추가 분량 상당수가 무근거 확장.
A18: 충실성 | B18: 근거 우세 판정 (V2승 / V3승) | C18: =COUNTIF('04_항목별비교'!AB2:AB96,"V2") -> 6 | D18: =COUNTIF('04_항목별비교'!AB2:AB96,"V3") -> 59 | E18: =IF(C18>D18,"V2",IF(D18>C18,"V3","동률")) -> V3 | F18: 65건 중 V3가 59건 우세.
A19: 적합성 | B19: 항목 키워드 충족률 | C19: =AVERAGEIFS('04_항목별비교'!T2:T96,'04_항목별비교'!$F$2:$F$96,1,'04_항목별비교'!$G$2:$G$96,1) -> 0.85615385 | D19: =AVERAGEIFS('04_항목별비교'!U2:U96,'04_항목별비교'!$F$2:$F$96,1,'04_항목별비교'!$G$2:$G$96,1) -> 0.61153846 | E19: =IF(C19>D19,"V2",IF(D19>C19,"V3","동률")) -> V2 | F19: ★ V2 우세. Field가 요구한 주제어를 본문이 실제로 다루는 비율.
A20: 적합성 | B20: 적합 우세 판정 (V2승 / V3승) | C20: =COUNTIF('04_항목별비교'!AC2:AC96,"V2") -> 43 | D20: =COUNTIF('04_항목별비교'!AC2:AC96,"V3") -> 5 | E20: =IF(C20>D20,"V2",IF(D20>C20,"V3","동률")) -> V2 | F20: 65건 중 V2가 43건 우세, V3 5건, 동률 17건.
A21: 구체성 | B21: 평균 숫자 출현 수 | C21: =AVERAGEIFS('04_항목별비교'!X2:X96,'04_항목별비교'!$F$2:$F$96,1,'04_항목별비교'!$G$2:$G$96,1) -> 12.923077 | D21: =AVERAGEIFS('04_항목별비교'!Y2:Y96,'04_항목별비교'!$F$2:$F$96,1,'04_항목별비교'!$G$2:$G$96,1) -> 2.7692308 | E21: =IF(C21>D21,"V2",IF(D21>C21,"V3","동률")) -> V2 | F21: V2 12.9개 / V3 2.8개. 길이로 나눠도 1천자당 23.3 vs 12.8로 V2 우세.
A22: 자연스러움 | B22: 출처 헤지구("~자료상") 총 출현 | C22: 0 | D22: =SUM('04_항목별비교'!Z2:Z96) -> 24 | E22: =IF(C22<D22,"V2",IF(D22<C22,"V3","동률")) -> V2 | F22: ★ V2 0건 / V3 24건(작성 70건의 34.3%). 사람이 쓴 보고서에 없는 표현 — 인간유사성 최대 감점 요인.
A23: 자연스러움 | B23: 문장 중간 접속 파손 건수 | C23: 0 | D23: =SUM('04_항목별비교'!AA2:AA96) -> 5 | E23: =IF(C23<D23,"V2",IF(D23<C23,"V3","동률")) -> V2 | F23: "외부 평가 자료상 또한, ~" 같이 접속을 끊고 삽입돼 비문이 된 사례. V3 5건.
A24: 균형성 | B24: 리스크·과제 언급 답변 비율 | C24: 0.598 | D24: 0.371 | E24: =IF(C24>D24,"V2",IF(D24>C24,"V3","동률")) -> V2 | F24: V2 우세이나 본문이 2.6배 길어 노출 기회가 많은 점 감안 필요.

Sheet 04_항목별비교
A1: 지표ID | B1: 필드(V2) | C1: 필드(V3) | D1: V2 본문 | E1: V3 본문 | F1: V2작성 | G1: V3작성 | H1: V2 글자수 | I1: V3 글자수 | J1: V2 문장수 | K1: V3 문장수 | L1: V2 평균문장길이 | M1: V3 평균문장길이 | N1: V2 CV | O1: V3 CV | P1: V2 MATTR | Q1: V3 MATTR | R1: V2 근거일치율 | S1: V3 근거일치율 | T1: V2 항목적합도 | U1: V3 항목적합도 | V1: V2 상투어/1천자 | W1: V3 상투어/1천자 | X1: V2 숫자수 | Y1: V3 숫자수 | Z1: V3 헤지구 | AA1: V3 접속파손 | AB1: 근거 우세 | AC1: 적합 우세 | AD1: 상태(V3)
A2: EBX-Q-001 | B2: 일반 / 전략 (Strategy) / ESG 비전 및 중장기 전략 | C2: ESG 경영 / ESG 비전 및 중장기 전략 | D2: 대웅제약은 인류와 지구의 건강을 지키는 기업이라는 ESG 비전을 수립하고, 경제적·사회적·환경적 지속가능성을 균형 있게 고려한 ESG 경영을 추진하고 있습니다. 특히 보다 강화된 윤리경영을 통해 신뢰받는 기업으로 거듭나기 위한 진보하는 윤리경영을 추진하며, ESG 체계의 고도화와 책임 있는 경영 실천을 지속적으로 강화하고 있습니다. | E2: 검토 중인 제안 자료상 대웅제약은 ‘인류와 지구의 건강을 지키는 기업’이라는 ESG 비전 아래 경제적, 사회적, 환경적 지속가능성을 균형 있게 고려한 ESG 경영을 추진하고 있습니다. ‘CARE for people and planet’ 전략을 기반으로 Cure, Advance, Respect, Earth의 4대 방향성을 설정하여 영역별 핵심 과제와 세부 실행과제를 수립하였으며, 이를 통해 ESG 체계 고도화와 책임 있는 경영 실천을 강화하고 있습니다. | F2: =IF(LEN(D2)>0,1,0) -> 1 | G2: =IF(LEN(E2)>0,1,0) -> 1 | H2: 186 | I2: 254 | J2: 2 | K2: 2 | L2: 92.5 | M2: 126.5 | N2: 0.038 | O2: 0.194 | P2: 0.9167 | Q2: 0.9676 | R2: 0.754 | S2: 0.791 | T2: 0.5 | U2: 0.75 | V2: 21.51 | W2: 11.81 | X2: 0 | Y2: 1 | Z2: 1 | AA2: 0 | AB2: =IF(AND($F2=1,$G2=1),IF(R2>S2,"V2",IF(S2>R2,"V3","동률")),"비교불가") -> V3 | AC2: =IF(AND($F2=1,$G2=1),IF(T2>U2,"V2",IF(U2>T2,"V3","동률")),"비교불가") -> V3 | AD2: Answer: passed / Consumer Decision: answered_partial / QA Grade: cautious / Publication: review_required / Publication Reason: draft_evidence / Coverage: draft_evidence / RAG Coverage: insufficient / Answerable: False / Evidence: insufficient
A3: EBX-Q-002 | B3: 일반 / 거버넌스 (Governance) / ESG 거버넌스 및 의사결정 체계 | C3: ESG 경영 / ESG 거버넌스 및 의사결정 체계 | D3: 대웅제약 이사회는 대표이사를 포함한 6인의 이사로 구성되어 있으며, 그룹사의 환경안전 경영방침과 조직현황, 활동실적, KPI, 예산 및 환경안전보건사업계획을 검토하고 승인하는 최고 의사결정기구로서의 역할을 수행합니다. 이사회는 주요 ESG 및 환경경영 현안을 보고받아 전략적 방향성을 검토하며, 이를 효율적으로 실행하기 위해 ESG위원회와 대웅그룹 EHS 경영위원회를 운영하고 있습니다. ESG위원회는 전사적인 ESG 전략과 주요 지속가능경영 이슈를 검토하고 심의하는 역할을 담당하며, 대웅그룹 EHS 경영위원회는 환경·안전·보건(EHS) 분야의 정책과 목표 및 실행과제를 수립하고 이행 현황을 점검하는 책임을 집행합니다. 또한, 사업장 단위의 환경관리 활동과 성과를 관리하고 부서 간 협업을 지원하기 위해 EHS 간사협의체를 운영함으로써 현장 중심의 관리 체계를 강화하고 있습니다. 실무 지원 및 실행 체계로는 ESG팀과 ESG TF를 구축하여 운영하고 있습니다. ESG팀은 사외이사 지원조직으로서 위원회의 원활한 운영과 ESG 안건 검토를 지원하는 역할을 수행합니다. 이와 함께 ESG TF는 영역별 실무부서와 긴밀하게 연계하여 주요 과제를 추진함으로써, ESG 경영의 가치가 조직 전반에 내재화되고 실질적인 성과로 이어질 수 있도록 통합적으로 관리하고 있습니다. 이러한 체계적인 거버넌스 구조를 통해 대웅제약은 전략 수립부터 실행, 점검에 이르는 전 과정에서 ESG 경영의 실효성을 확보하고 있습니다. | E3: 검토 중인 제안 자료상 최고 의사결정기구인 이사회는 주요 ESG 및 환경경영 현안을 보고받고 전략적 방향을 검토하며, 이사회 산하 ESG위원회는 전사 ESG 전략과 주요 지속가능경영 이슈를 검토 및 심의합니다. 대웅그룹 EHS 경영위원회는 환경 안전 보건(EHS) 분야의 정책과 목표를 수립하고 이행 현황을 점검하며, EHS 간사협의체는 사업장 단위의 환경관리 활동과 성과를 관리합니다. 실무적으로는 ESG팀이 위원회 운영 및 안건 검토를 지원하고, ESG TF가 영역별 실무부서와 연계하여 주요 과제를 추진하고 있습니다. | F3: =IF(LEN(D3)>0,1,0) -> 1 | G3: =IF(LEN(E3)>0,1,0) -> 1 | H3: 731 | I3: 292 | J3: 8 | K3: 3 | L3: 90.5 | M3: 96.7 | N3: 0.309 | O3: 0.178 | P3: 0.9344 | Q3: 0.9152 | R3: 0.528 | S3: 0.698 | T3: 1 | U3: 0.5 | V3: 4.1 | W3: 3.42 | X3: 1 | Y3: 0 | Z3: 1 | AA3: 0 | AB3: =IF(AND($F3=1,$G3=1),IF(R3>S3,"V2",IF(S3>R3,"V3","동률")),"비교불가") -> V3 | AC3: =IF(AND($F3=1,$G3=1),IF(T3>U3,"V2",IF(U3>T3,"V3","동률")),"비교불가") -> V2 | AD3: Answer: passed / Consumer Decision: answered_partial / QA Grade: cautious / Publication: review_required / Publication Reason: draft_evidence / Coverage: draft_evidence / RAG Coverage: insufficient / Answerable: False / Evidence: insufficient
A4: EBX-Q-003 | B4: 일반 / 위험 관리 (Risk Management) / ESG 리스크 식별 및 관리 체계 | C4: ESG 경영 / ESG 리스크 식별 및 관리 체계 | D4: 대웅제약은 가치사슬 전반의 지속가능성 리스크를 체계적으로 식별하고 관리하기 위해 영역별 맞춤형 대응 체계를 운영하고 있습니다. 제약·바이오 산업의 특성을 고려하여 R&D부터 원료 조달, 제조, 포장, 유통, 제품 사용 및 폐의약품 처리까지의 전 과정에서 자연과의 접점을 검토하며, 국내 주요 사업장을 중심으로 자연 관련 의존성과 영향, 리스크의 관리 우선순위를 도출하고 있습니다. 특히 환경규제, 탄소가격, 공시 요구, 극한기상, 평균기온 상승 등 주요 요인에 따른 배출량, 에너지 사용량, 검증 수준, 피해 현황 등을 지속적으로 모니터링하여 대응 실행력을 강화하고 있습니다. 공급망 리스크 관리를 위해서는 협력회사의 노동인권, 안전보건, 환경, 윤리 등 ESG 전반을 아우르는 포괄적 관리 기준을 적용하고 있습니다. 공급망 내 지속가능성 리스크를 사전에 식별하기 위해 실사 의무를 리스크 관리 체계에 통합하고, 협력회사가 자율적으로 행동규범을 이행하고 지속가능경영을 실천할 수 있도록 지원합니다. 정보보호 분야에서는 개인정보보호 고도화를 위해 17개 점검 대상을 기준으로 위험 식별 및 이행조치를 실시하고 있습니다. 주요 개인정보 처리 업무와 시스템을 대상으로 전년도 이슈와 현황을 재검토하여 미흡 항목을 발굴하고, 세부 수행계획을 통해 보호대책 이행을 지원하고 있습니다. 이를 통해 총 66개 항목 중 27개 항목의 이행조치를 완료하였으며, 나머지 39개 항목에 대해서는 현재 이행조치를 진행 중입니다. | E4: 대웅제약은 영역별 특성에 맞춘 ESG 리스크 식별 및 관리 체계를 운영하고 있습니다. 검토 중인 제안 자료상 기후변화 대응을 위해 TCFD 권고안에 따라 전환 및 물리적 리스크와 에너지 효율화 기회를 식별하고, 환경규제와 탄소가격 등 주요 요인별 관리 지표를 연계하여 모니터링하고 있습니다. 자연자본 및 생물다양성 리스크는 TNFD의 LEAP 접근법을 참고하여 가치사슬 전반의 접점을 검토하고 관리 우선순위를 도출하는 평가 절차를 수립하였습니다. 또한, 공급망 내 지속가능성 리스크를 사전에 식별하고 관리하기 위해 실사 의무를 리스크 관리 체계에 통합하고 있으며, 정보보호 분야에서는 점검 대상을 기준으로 위험 식별 및 이행조치를 실시하고 모니터링을 통해 이를 관리하고 있습니다. | F4: =IF(LEN(D4)>0,1,0) -> 1 | G4: =IF(LEN(E4)>0,1,0) -> 1 | H4: 731 | I4: 380 | J4: 8 | K4: 4 | L4: 90.5 | M4: 94.2 | N4: 0.261 | O4: 0.334 | P4: 0.9604 | Q4: 0.951 | R4: 0.56 | S4: 0.487 | T4: 1 | U4: 1 | V4: 6.84 | W4: 2.63 | X4: 8 | Y4: 0 | Z4: 1 | AA4: 0 | AB4: =IF(AND($F4=1,$G4=1),IF(R4>S4,"V2",IF(S4>R4,"V3","동률")),"비교불가") -> V2 | AC4: =IF(AND($F4=1,$G4=1),IF(T4>U4,"V2",IF(U4>T4,"V3","동률")),"비교불가") -> 동률 | AD4: Answer: passed / Consumer Decision: answered_partial / QA Grade: cautious / Publication: review_required / Publication Reason: draft_evidence / Coverage: draft_evidence / RAG Coverage: complete / Answerable: True / Evidence: high_confidence
A5: EBX-Q-004 | B5: 사회 / 전략 (Strategy) / 안전보건 정책 및 목표 | C5: 안전 보건 / 안전보건 정책 및 목표 | D5: 대웅제약은 생명존중의 가치를 경영의 최우선 순위에 두고, 모든 경영 활동에서 환경·안전·보건을 핵심 원칙으로 삼는 환경안전보건 경영방침을 수립하여 운영하고 있습니다. 국내외 환경·안전·보건 법규와 국제 협약을 엄격히 준수하며 글로벌 수준의 관리체계를 구축함으로써 법적 기준을 넘어서는 책임경영을 실천하고 있습니다. 해당 계획은 이사회의 검토와 승인을 거쳐 실행되며, EHS 경영 목표 달성을 통해 구성원과 이해관계자가 법규를 준수하는 문화를 조성하여 사업장 내 사고 예방에 주력하고 있습니다. 실행 측면에서는 2025년 목표인 무재해를 달성하였으며, 근로자 정기교육, 신규채용 시 교육, 전문인력 직무교육 등 법정 교육 이수율 100%를 기록하였습니다. 또한 생산본부를 중심으로 아차사고 제안 활동을 활발히 추진하고 있으며, 본사 최초의 안전보건 관리체계를 구축하고 있습니다. 이와 더불어 임직원 건강증진프로그램을 운영하여 질병 예방과 생산성 향상을 도모하는 등 안전과 보건 영향을 통합적으로 관리하고 있습니다. | E5: 대웅제약은 '생명존중'의 가치를 경영의 최우선 순위에 두고, 모든 경영 활동에서 환경 안전 보건을 핵심 원칙으로 삼는 환경안전보건 경영방침을 운영하고 있습니다. 이를 위해 국내외 법규와 국제 협약을 엄격히 준수하며 글로벌 수준의 관리체계를 수립 운영하는 책임경영을 실천하고 있습니다. 또한 매년 안전보건 경영 원칙 점검과 함께 안전 및 보건에 관한 계획을 수립하여 이사회의 검토와 승인을 거쳐 실행하며, 2025년에는 무재해 달성을 목표로 설정하였습니다. | F5: =IF(LEN(D5)>0,1,0) -> 1 | G5: =IF(LEN(E5)>0,1,0) -> 1 | H5: 510 | I5: 254 | J5: 6 | K5: 3 | L5: 84.2 | M5: 84 | N5: 0.124 | O5: 0.138 | P5: 0.9641 | Q5: 0.9548 | R5: 0.476 | S5: 0.571 | T5: 0.667 | U5: 0.667 | V5: 3.92 | W5: 3.94 | X5: 7 | Y5: 4 | Z5: 0 | AA5: 0 | AB5: =IF(AND($F5=1,$G5=1),IF(R5>S5,"V2",IF(S5>R5,"V3","동률")),"비교불가") -> V3 | AC5: =IF(AND($F5=1,$G5=1),IF(T5>U5,"V2",IF(U5>T5,"V3","동률")),"비교불가") -> 동률 | AD5: Answer: passed / Consumer Decision: answered / QA Grade: full / Publication: published / Publication Reason: complete_grounded_answer / Coverage: complete_grounded_answer / RAG Coverage: complete / Answerable: True / Evidence: high_confidence
A6: EBX-Q-005 | B6: 사회 / 거버넌스 (Governance) / 안전보건 관리 조직 및 책임 | C6: 안전 보건 / 안전보건 관리 조직 및 책임 | E6: 검토 중인 제안 자료상 대웅그룹은 대웅제약 대표이사가 위원장을 맡는 EHS경영위원회를 통해 환경안전보건 의사결정을 수행하며, 반기 1회 이상 그룹사별 EHS 운영 전략과 이슈 및 개선사항을 심의합니다. EHS경영위원회 산하에는 그룹사 실무 담당자로 구성된 EHS간사협의체를 운영하여 경영진의 전략을 현장에 반영하고 지표 관리 및 효과적인 관리방안을 마련하고 있습니다. | F6: =IF(LEN(D6)>0,1,0) -> 0 | G6: =IF(LEN(E6)>0,1,0) -> 1 | H6: 0 | I6: 205 | J6: 0 | K6: 2 | L6: 0 | M6: 102 | N6: 0 | O6: 0.098 | P6: 0 | Q6: 0.975 | R6: 0 | S6: 0.57 | T6: 0 | U6: 0.5 | V6: 0 | W6: 0 | X6: 0 | Y6: 1 | Z6: 1 | AA6: 0 | AB6: =IF(AND($F6=1,$G6=1),IF(R6>S6,"V2",IF(S6>R6,"V3","동률")),"비교불가") -> 비교불가 | AC6: =IF(AND($F6=1,$G6=1),IF(T6>U6,"V2",IF(U6>T6,"V3","동률")),"비교불가") -> 비교불가 | AD6: Answer: passed / Consumer Decision: answered_partial / QA Grade: cautious / Publication: review_required / Publication Reason: draft_evidence / Coverage: draft_evidence / RAG Coverage: complete / Answerable: True / Evidence: medium_confidence
A7: EBX-Q-006 | B7: 사회 / 위험 관리 (Risk Management) / 산업안전 리스크 식별 및 예방 활동 | C7: 안전 보건 / 산업안전 리스크 식별 및 예방 활동 | D7: 대웅제약은 생산활동 전반의 유해·위험요인 평가를 통해 중대성을 결정하고 감소대책을 수립함으로써 중대재해 예방과 지속경영을 추진하고 있습니다. 2025년 위험성평가를 통해 총 441건의 위험요인을 발굴하여 개선하였으며, 외주공사뿐만 아니라 내부 작업 중 위험공정이 발생할 경우 허가를 받고 작업하는 작업허가제도를 도입하여 리스크 통제를 강화하였습니다. 위험성평가 개선활동 완료 후에는 안전보건관리책임자에게 경과를 보고하며, 산업안전보건 게시판 공지 및 개인 메일링을 통해 관련 활동을 임직원과 공유하고 있습니다. 안전문화 확산을 위해 분기별 산업안전보건위원회와 매월 도급사업장 안전보건회의체를 운영하고 있으며, 이를 통해 아차사고 제안 우수사례 공유, 안전보건 시설 개선, 관리감독자 교육 등을 수행하고 있습니다. 또한 모든 구성원의 안전의식 고취를 위해 분기별 안전보건교육을 실시하고, 신규 채용 시 배치 전 안전보건교육을 온라인 또는 집체교육 형태로 제공하여 사고 예방 체계를 구축하였습니다. 예측 불가능한 비상사태에 대비하여 화재, 누출, 누유, 자연재해 및 정전 등을 사전에 예방하고 신속하게 대응하기 위한 비상대응 체제를 운영하고 있습니다. 정기적인 비상대응 교육과 훈련을 통해 실질적인 대응 방안을 습득하고 체계를 확립하고 있으며, 모든 부상 및 사고 조사 보고서와 해결 기록을 보관하여 관리합니다. 아울러 안전 및 보건 문제가 완전히 해결될 때까지 노동자를 안전하게 보호하기 위한 조치를 취하며, 측정 가능한 정책과 목표를 수립하여 지속적으로 모니터링하고 있습니다. | E7: 대웅제약은 생산활동 전반의 유해 위험요인 평가를 통해 중대성을 결정하고 감소대책을 수립 및 이행함으로써 중대재해 예방 활동을 수행하고 있으며, 2025년 위험성평가를 통해 441건의 요인을 발굴하여 개선하였습니다. 특히 외주공사뿐만 아니라 내부 작업 중 위험공정 발생 시 허가를 받는 작업허가제도를 도입하였으며, 안전 보건 화학물질 분야 전문가를 통해 현장 내 유해위험요인을 도출하고 있습니다. 또한 화재, 누출, 자연재해 및 정전 등에 대비한 비상대응 체제를 구축하여 위기상황 유형별 매뉴얼을 운영하고 정기적인 교육과 훈련을 실시하고 있습니다. 이 외에도 분기별 안전보건교육, 산업안전보건위원회 및 도급사업장 안전보건회의체 운영, 팀별 안전보건 수칙 배포 등을 통해 안전의식을 확산하고 사고를 예방하고 있습니다. | F7: =IF(LEN(D7)>0,1,0) -> 1 | G7: =IF(LEN(E7)>0,1,0) -> 1 | H7: 770 | I7: 399 | J7: 8 | K7: 4 | L7: 95.4 | M7: 99 | N7: 0.13 | O7: 0.13 | P7: 0.9633 | Q7: 0.97 | R7: 0.544 | S7: 0.562 | T7: 0.8 | U7: 0.6 | V7: 5.19 | W7: 2.51 | X7: 7 | Y7: 7 | Z7: 0 | AA7: 0 | AB7: =IF(AND($F7=1,$G7=1),IF(R7>S7,"V2",IF(S7>R7,"V3","동률")),"비교불가") -> V3 | AC7: =IF(AND($F7=1,$G7=1),IF(T7>U7,"V2",IF(U7>T7,"V3","동률")),"비교불가") -> V2 | AD7: Answer: passed / Consumer Decision: answered_partial / QA Grade: partial / Publication: review_required / Publication Reason: missing_expected_facets / Coverage: missing_expected_facets / RAG Coverage: complete / Answerable: True / Evidence: high_confidence
A8: EBX-Q-007 | B8: 사회 / 지표 (Metrics) / 산업재해 발생 현황 및 안전 성과 지표 | C8: 안전 보건 / 산업재해 발생 현황 및 안전 성과 지표 | D8: 대웅제약은 사업장 내 잠재적 위험 요인을 선제적으로 발굴하고 제거하여 임직원이 안심하고 근무할 수 있는 안전한 작업 환경을 조성하는 데 역량을 집중하고 있습니다. 현장의 실질적인 위험 관리를 위해 위험성평가를 체계적으로 실시하고 있으며, 2025년에는 이를 통해 총 441건의 위험 요인을 발굴하고 개선함으로써 사고 예방 체계를 강화하였습니다. 공정 안전 관리의 실효성을 높이기 위해 대웅제약 생산본부에서는 작업허가제도를 도입하여 운영하고 있습니다. 해당 제도는 기존의 외주공사뿐만 아니라 내부 작업 중 위험공정이 발생하는 경우에도 반드시 사전 허가를 득한 후 작업을 수행하도록 규정하여, 고위험 작업 시 발생할 수 있는 안전사고를 원천적으로 차단하는 데 기여하고 있습니다. 이러한 예방 중심의 안전보건 관리 활동을 통해 산업재해 발생 현황을 면밀히 관리하고 있습니다. 2025년 기준 산업재해 발생비율은 0.03%를 기록하였으며, 재해자 수는 1명으로 집계되었습니다. 이는 2024년의 발생비율 0.07%와 재해자 수 2명과 비교하여 감소한 수치입니다. 또한, 2023년에 1명이 발생했던 업무상 질병의 경우 2024년과 2025년에는 발생 사례가 없는 것으로 확인되어 보건 관리 측면에서도 안정적인 성과를 유지하고 있습니다. | E8: 대웅그룹은 모든 구성원의 안전의식 고취와 사고 예방을 위해 분기별 안전보건교육 및 채용 시 배치 전 안전보건교육을 실시하고 있으며, 생산본부에서는 사고 발생 및 고위험 작업 부서를 대상으로 맞춤형 특성화 교육을 추진하고 있습니다. | F8: =IF(LEN(D8)>0,1,0) -> 1 | G8: =IF(LEN(E8)>0,1,0) -> 1 | H8: 631 | I8: 128 | J8: 8 | K8: 1 | L8: 78 | M8: 128 | N8: 0.344 | O8: 0 | P8: 0.9464 | Q8: 0.9355 | R8: 0.187 | S8: 0.456 | T8: 0.833 | U8: 0.333 | V8: 3.17 | W8: 7.81 | X8: 36 | Y8: 0 | Z8: 0 | AA8: 0 | AB8: =IF(AND($F8=1,$G8=1),IF(R8>S8,"V2",IF(S8>R8,"V3","동률")),"비교불가") -> V3 | AC8: =IF(AND($F8=1,$G8=1),IF(T8>U8,"V2",IF(U8>T8,"V3","동률")),"비교불가") -> V2 | AD8: Answer: passed / Consumer Decision: answered / QA Grade: full / Publication: published / Publication Reason: complete_grounded_answer / Coverage: complete_grounded_answer / RAG Coverage: complete / Answerable: True / Evidence: high_confidence
A9: EBX-Q-008 | B9: 사회 / 전략 (Strategy) / 인권경영 정책 및 목표 | C9: 노동 및 인권 / 인권경영 정책 및 목표 | D9: 대웅제약은 사업관리와 경영 전반에서 임직원을 포함한 모든 이해관계자의 인권을 존중하기 위해 인권경영을 추진하고 있습니다. 이사회 주관으로 인권경영 원칙과 이사회 규정 조항을 정비하고 공유하며, 국내외 인권 원칙을 반영한 인권경영 정책을 수립하여 인권 보호를 실천하고 있습니다. 특히 인권 침해 리스크를 사전에 진단하고 관리할 수 있도록 이사회 차원에서 관련 정책과 규정을 지속적으로 보완하고 있으며, 본사 사업장을 대상으로 인권영향평가를 실시하여 리스크 관리 체계를 운영하고 있습니다. 인권경영의 구체적인 실천을 위해 Great Place To Work 인권경영정책 9대 원칙을 수립하였습니다. 해당 원칙에는 차별금지, 아동노동착취 금지, 근로조건 준수, 결사 및 단체교섭의 자유, 인도적 대우, 산업안정 보장, 강제노동 금지, 지역주민 인권보호, 고객의 인권보호가 포함됩니다. 또한, 인권경영의 단계적 고도화를 위해 2030년까지의 중장기 목표를 설정하여 추진하고 있습니다. 2026년까지 인권경영 확대, 2028년까지 시스템 내재화, 2030년까지 인권경영 고도화를 달성한다는 방향성을 가지고 있습니다. 이를 위해 매년 인권영향평가와 임직원 만족도 조사를 실시하고 있으며, 향후 인권영향평가 범위를 전 사업장 및 핵심 협력업체까지 확대하고 최종 준수율 80% 도달을 목표로 하고 있습니다. 아울러 임직원 다양성 교육의 자발적 이수율을 50% 이상으로 유지하며 인권 존중 문화를 확산시키고 있습니다. | E9: 대웅제약은 국내외 인권 원칙을 반영한 인권경영 정책을 수립하여 임직원을 포함한 모든 이해관계자의 인권 존중을 실천하고 있습니다. 인권경영 정책의 9대 원칙으로는 차별금지, 아동노동착취 금지, 근로조건 준수, 결사 및 단체교섭의 자유, 인도적 대우, 산업안정 보장, 강제노동 금지, 지역주민 인권보호, 고객의 인권보호가 포함됩니다. 또한 2030년까지 인권경영 확대, 시스템 내재화, 고도화를 중장기 목표로 설정하고, 매년 인권영향평가 실시 및 핵심 협력업체까지 평가 범위를 확대하는 등의 세부 계획을 추진하고 있습니다. | F9: =IF(LEN(D9)>0,1,0) -> 1 | G9: =IF(LEN(E9)>0,1,0) -> 1 | H9: 728 | I9: 290 | J9: 9 | K9: 3 | L9: 80 | M9: 96 | N9: 0.265 | O9: 0.187 | P9: 0.9368 | Q9: 0.943 | R9: 0.512 | S9: 0.564 | T9: 1 | U9: 1 | V9: 8.24 | W9: 6.9 | X9: 21 | Y9: 5 | Z9: 0 | AA9: 0 | AB9: =IF(AND($F9=1,$G9=1),IF(R9>S9,"V2",IF(S9>R9,"V3","동률")),"비교불가") -> V3 | AC9: =IF(AND($F9=1,$G9=1),IF(T9>U9,"V2",IF(U9>T9,"V3","동률")),"비교불가") -> 동률 | AD9: Answer: passed / Consumer Decision: answered / QA Grade: full / Publication: published / Publication Reason: complete_grounded_answer / Coverage: complete_grounded_answer / RAG Coverage: complete / Answerable: True / Evidence: high_confidence
A10: EBX-Q-009 | B10: 사회 / 거버넌스 (Governance) / 노동 및 인권 관리 체계 | C10: 노동 및 인권 / 노동 및 인권 관리 체계 | D10: 이사회는 인권경영 원칙과 이사회 규정 조항을 정비하고 공유함으로써 인권 보호를 위한 거버넌스 기반을 공고히 하고 있으며, 국내외 인권 원칙을 충실히 반영한 인권경영 정책을 수립하여 운영하고 있습니다. 대웅제약은 임직원을 비롯한 모든 이해관계자의 인권을 존중하는 문화를 조성하기 위해 인권경영 정책을 체계적으로 실행하고 있으며, 특히 본사 사업장을 대상으로 인권영향평가를 실시하여 잠재적인 인권 리스크를 선제적으로 진단하고 관리할 수 있는 운영 체계를 마련하였습니다. 인권경영의 실질적인 이행과 권익 보호를 위해 사내 직장 내 괴롭힘 등 내부 인권 관련 고충 처리를 전담하는 '신문고' 조직을 운영하고 있습니다. 해당 채널은 인사부서인 인사쉐어드2팀 담당자를 통해 접수 및 관리되며, 이를 통해 임직원이 겪는 인권 침해 요소를 신속하게 파악하고 대응하고 있습니다. 이와 더불어 노동조합 및 한마음협의회, 다양한 임직원 고충 처리 채널을 가동하여 구성원들의 의견을 적극적으로 경청하고 있으며, 접수된 모든 의견과 요청 사항은 사내 규정과 방침에 따라 엄격하게 조치하여 신뢰받는 노사 관계를 구축하고 있습니다. 또한 강제노동 및 인신매매 금지를 위한 공개적인 약속과 함께 이를 뒷받침하는 구체적인 정책과 절차를 보유하고 있으며, 회사의 활동으로 인해 인권에 부정적인 영향을 받은 대상자가 있을 경우 이를 해결하기 위한 구제 절차를 제공하여 책임 있는 경영을 실천하고 있습니다. 이러한 인권경영 활동의 성과는 공식 홈페이지와 언론 보도 등 다양한 공개 채널을 통해 투명하게 소통하고 있으며, 글로벌 ESG 인권경영 인증 수상 등을 통해 대외적으로도 인권 보호 체계의 우수성을 인정받고 있습니다. | E10: 대웅제약은 임직원과 이해관계자의 인권 존중을 위해 인권경영 정책을 수립하여 운영하고 있습니다. 본사 사업장에서 인권영향평가를 실시함으로써 인권 리스크를 진단하고 관리할 수 있는 체계를 마련하고 있으며, 이사회 차원에서 관련 정책과 규정을 지속적으로 보완하고 있습니다. | F10: =IF(LEN(D10)>0,1,0) -> 1 | G10: =IF(LEN(E10)>0,1,0) -> 1 | H10: 832 | I10: 149 | J10: 7 | K10: 2 | L10: 118 | M10: 74 | N10: 0.221 | O10: 0.297 | P10: 0.9484 | Q10: 0.9375 | R10: 0.375 | S10: 0.706 | T10: 1 | U10: 0.75 | V10: 7.21 | W10: 13.42 | X10: 1 | Y10: 0 | Z10: 0 | AA10: 0 | AB10: =IF(AND($F10=1,$G10=1),IF(R10>S10,"V2",IF(S10>R10,"V3","동률")),"비교불가") -> V3 | AC10: =IF(AND($F10=1,$G10=1),IF(T10>U10,"V2",IF(U10>T10,"V3","동률")),"비교불가") -> V2 | AD10: Answer: passed / Consumer Decision: answered_partial / QA Grade: partial / Publication: review_required / Publication Reason: missing_expected_facets / Coverage: missing_expected_facets / RAG Coverage: insufficient / Answerable: False / Evidence: insufficient
A11: EBX-Q-010 | B11: 사회 / 위험 관리 (Risk Management) / 인권 리스크 식별 및 대응 활동 | C11: 노동 및 인권 / 인권 리스크 식별 및 대응 활동 | F11: =IF(LEN(D11)>0,1,0) -> 0 | G11: =IF(LEN(E11)>0,1,0) -> 0 | H11: 0 | I11: 0 | J11: 0 | K11: 0 | L11: 0 | M11: 0 | N11: 0 | O11: 0 | P11: 0 | Q11: 0 | R11: 0 | S11: 0 | T11: 0 | U11: 0 | V11: 0 | W11: 0 | X11: 0 | Y11: 0 | Z11: 0 | AA11: 0 | AB11: =IF(AND($F11=1,$G11=1),IF(R11>S11,"V2",IF(S11>R11,"V3","동률")),"비교불가") -> 비교불가 | AC11: =IF(AND($F11=1,$G11=1),IF(T11>U11,"V2",IF(U11>T11,"V3","동률")),"비교불가") -> 비교불가 | AD11: Answer: failed / Consumer Decision: blocked_api_status / QA Grade: failed / Publication: blocked / Publication Reason: qa_not_passed / Coverage: writer_empty / RAG Coverage: insufficient / Answerable: False / Evidence: insufficient
A12: EBX-Q-011 | B12: 사회 / 지표 (Metrics) / 인권 관련 고충 및 처리 현황 | C12: 노동 및 인권 / 인권 관련 고충 및 처리 현황 | D12: 대웅제약은 협력적인 노사소통 활성화를 통해 내부 이해관계자의 인권을 보호하고 고충을 해결하는 체계를 운영하고 있습니다. 2025년 기준 내부 이해관계자로부터 접수된 인권 관련 고충 처리 건수는 총 63건이며, 접수된 모든 건에 대해 처리를 완료하여 인권 보호 및 고충 해결을 위한 실효성 있는 관리 성과를 거두었습니다. | F12: =IF(LEN(D12)>0,1,0) -> 1 | G12: =IF(LEN(E12)>0,1,0) -> 0 | H12: 178 | I12: 0 | J12: 2 | K12: 0 | L12: 88.5 | M12: 0 | N12: 0.254 | O12: 0 | P12: 0.9 | Q12: 0 | R12: 0.119 | S12: 0 | T12: 0.8 | U12: 0 | V12: 5.62 | W12: 0 | X12: 6 | Y12: 0 | Z12: 0 | AA12: 0 | AB12: =IF(AND($F12=1,$G12=1),IF(R12>S12,"V2",IF(S12>R12,"V3","동률")),"비교불가") -> 비교불가 | AC12: =IF(AND($F12=1,$G12=1),IF(T12>U12,"V2",IF(U12>T12,"V3","동률")),"비교불가") -> 비교불가 | AD12: Answer: empty / Consumer Decision: blocked_qa / QA Grade: failed / Publication: blocked / Publication Reason: qa_not_passed / Coverage: writer_empty / RAG Coverage: complete / Answerable: True / Evidence: high_confidence
A13: EBX-Q-012 | B13: 사회 / 전략 (Strategy) / 제품 안전 및 품질 관리 정책 | C13: 제품 안전 / 제품 안전 및 품질 관리 정책 | D13: 대웅제약은 소비자에게 안전한 제품과 일관된 서비스를 제공하는 것을 최우선 가치로 삼아 체계적인 품질 관리 시스템을 구축하고 이를 주기적으로 점검하고 있습니다. 특히 소비자 권리 보호를 실현하기 위해 구체적이고 측정 가능하며 달성 가능한 정책과 목표를 수립하고, 이를 기반으로 한 지속적인 모니터링 체계를 운영하며 품질 경영의 실효성을 높이고 있습니다. 제품의 안전성과 품질을 확보하기 위해 소비자 권리 보호에 영향을 미칠 수 있는 실체적 또는 잠재적 리스크를 정기적으로 평가하고 있으며, 이러한 평가 결과를 바탕으로 품질 관리 프로세스를 지속적으로 개선하고 있습니다. 또한, 전 임직원을 대상으로 소비자 권리 보호를 위한 전문 교육과 인식 제고 활동을 제공함으로써, 모든 구성원이 제품 안전의 중요성을 깊이 인식하고 실무에 적용할 수 있는 전사적 품질 문화를 조성하고 있습니다. 더불어 소비자 안전사고 발생 시 신속하고 정확하게 대응할 수 있는 전용 체계를 구축하여 운영함으로써, 잠재적인 리스크를 최소화하고 소비자 안전을 최우선으로 확보하는 데 주력하고 있습니다. 이러한 통합적인 품질 관리 정책과 실행 체계를 통해 제품의 설계부터 사후 관리 단계까지 엄격한 기준을 적용하며, 소비자 신뢰를 바탕으로 한 지속 가능한 헬스케어 가치를 창출하고 있습니다. | E13: 대웅제약은 소비자에게 안전한 제품과 일관된 서비스를 제공하기 위해 품질 관리 시스템을 구축하고 이를 주기적으로 점검하고 있습니다. 또한 소비자 권리 보호를 위해 구체적이고 측정 가능하며 달성 가능한 정책 및 목표를 수립하여 모니터링하고 있으며, 임직원을 대상으로 관련 교육과 인식 제고 활동을 제공하고 소비자 권리 보호에 미치는 실체적 또는 잠재적 영향을 정기적으로 평가하고 있습니다. | F13: =IF(LEN(D13)>0,1,0) -> 1 | G13: =IF(LEN(E13)>0,1,0) -> 1 | H13: 645 | I13: 215 | J13: 6 | K13: 2 | L13: 106.7 | M13: 107 | N13: 0.097 | O13: 0.327 | P13: 0.9351 | Q13: 0.9375 | R13: 0.23 | S13: 0.55 | T13: 1 | U13: 1 | V13: 4.65 | W13: 0 | X13: 0 | Y13: 0 | Z13: 0 | AA13: 0 | AB13: =IF(AND($F13=1,$G13=1),IF(R13>S13,"V2",IF(S13>R13,"V3","동률")),"비교불가") -> V3 | AC13: =IF(AND($F13=1,$G13=1),IF(T13>U13,"V2",IF(U13>T13,"V3","동률")),"비교불가") -> 동률 | AD13: Answer: passed / Consumer Decision: answered_partial / QA Grade: partial / Publication: review_required / Publication Reason: partial_answer / Coverage: partial_answer / RAG Coverage: insufficient / Answerable: False / Evidence: insufficient
A14: EBX-Q-013 | B14: 사회 / 거버넌스 (Governance) / 품질 관리 조직 및 책임 | C14: 제품 안전 / 품질 관리 조직 및 책임 | D14: 품질경영(QM), 품질보증(QA), 품질관리(QC) 조직은 상호 유기적인 협업 체계를 구축하여 안전하고 높은 품질의 제품 생산을 위한 전방위적인 관리 책임을 수행하고 있습니다. 특히 QA, 콜센터, 학술팀 등 이상사례 수집과 밀접한 관련이 있는 유관부서를 대상으로는 Advanced Pharmacovigilance(PV) 교육을 별도로 제공하여 제품 안전 관리의 전문성을 제고하고 있습니다. 제품의 안전성 확보를 위해 대웅제약이 생산하는 모든 제품의 전 생애주기에 걸쳐 이상사례와 안전성 문제를 과학적으로 탐지하고 평가하는 약물감시 활동을 전개하고 있습니다. 이를 위해 RMP, 재평가, 보고, 재심사, 사용권고 등의 제도를 통해 관리 체계를 지속적으로 강화하고 있으며, 글로벌 규제 보고 의무를 엄격히 준수하여 제품의 유익성을 평가하고 있습니다. 안전성 정보 수집 체계는 홈페이지 내 이상사례 보고 시스템을 중심으로 자발적 보고, 문헌, 임상연구, 해외사례 등 다양한 경로를 통해 다각도로 운영됩니다. 수집된 정보는 시판 전후의 안전성 시험 및 분석법 검증 과정을 거쳐 데이터의 신뢰성을 확보하고 있습니다. 또한, 품질 관리의 효율성과 정확성을 높이기 위해 품질경영시스템(QMS)을 비롯하여 전자문서관리시스템(EDMS), 실험실정보관리시스템(LIMS), 생산관리시스템(MES) 등 고도화된 디지털 시스템을 도입하여 운영함으로써 체계적인 품질 관리 환경을 구현하고 있습니다. | E14: 대웅제약은 품질경영(QM), 품질보증(QA), 품질관리(QC) 부서 간의 유기적인 협업을 통해 제품의 안전성과 고품질을 관리하고 있습니다. 품질경영(QM)팀은 그룹 전체의 품질정책 수립, 품질 기획 및 개선 활동을 주도하며 최신 GMP 가이드라인과 규정을 적용하여 글로벌 진출을 지원합니다. 품질보증(QA) 및 품질관리(QC) 조직은 SOP 문서화, 밸리데이션, 환경 및 공정관리, 시험 및 감사 업무를 수행하며, 전 임직원을 대상으로 GMP 및 PV 교육을 제공하여 품질 역량을 강화하고 있습니다. | F14: =IF(LEN(D14)>0,1,0) -> 1 | G14: =IF(LEN(E14)>0,1,0) -> 1 | H14: 713 | I14: 279 | J14: 7 | K14: 3 | L14: 101 | M14: 92.3 | N14: 0.256 | O14: 0.184 | P14: 0.9405 | Q14: 0.9098 | R14: 0.423 | S14: 0.621 | T14: 1 | U14: 0.75 | V14: 7.01 | W14: 3.58 | X14: 0 | Y14: 0 | Z14: 0 | AA14: 0 | AB14: =IF(AND($F14=1,$G14=1),IF(R14>S14,"V2",IF(S14>R14,"V3","동률")),"비교불가") -> V3 | AC14: =IF(AND($F14=1,$G14=1),IF(T14>U14,"V2",IF(U14>T14,"V3","동률")),"비교불가") -> V2 | AD14: Answer: passed / Consumer Decision: answered_partial / QA Grade: partial / Publication: review_required / Publication Reason: missing_expected_facets / Coverage: missing_expected_facets / RAG Coverage: insufficient / Answerable: False / Evidence: insufficient
A15: EBX-Q-014 | B15: 사회 / 위험 관리 (Risk Management) / 제품 품질 및 안전 리스크 관리 | C15: 제품 안전 / 제품 품질 및 안전 리스크 관리 | D15: 대웅제약은 사업 운영 전반에서 발생할 수 있는 잠재적 리스크를 효율적으로 관리하고 안정적인 사업 영위를 지속하기 위해 체계적인 운영 리스크 관리 시스템을 구축하여 운영하고 있습니다. 특히 제품 및 서비스 품질과 관련된 리스크를 선제적으로 제어하고자 품질경영시스템과 스마트 공정 운영을 도입하였으며, 이를 통해 품질 및 공정 관리 전반의 안전성을 확보하고 리스크를 정밀하게 관리하고 있습니다. 리스크 관리의 실효성을 높이기 위해 주요 부서들은 관련 법규의 변화를 지속적으로 모니터링하고 있으며, 이에 따라 내부통제 정책 전반을 개선하고 보완하는 활동을 통해 리스크 대응 역량을 강화하고 있습니다. 또한 소비자 권리 보호를 최우선 가치로 삼아 구체적이고 측정 가능하며 달성 가능한 정책과 목표를 수립하여 이를 상시 모니터링하는 체계를 가동하고 있습니다. 소비자 안전사고 발생 시에는 신속하고 정확하게 대응할 수 있는 전용 체계를 갖추어 운영함으로써 고객의 안전을 보장하고 피해를 최소화하는 데 주력하고 있습니다. 아울러 제품의 설계부터 폐기까지 이르는 생애주기 전반에 걸쳐 지속가능성과 친환경성을 통합적으로 고려하여 반영하고 있으며, 해당 요소들을 정기적으로 측정하고 관리함으로써 제품 안전성과 환경적 책임 경영을 동시에 실현하고 있습니다. | E15: 대웅제약은 품질경영시스템 및 스마트 공정 운영을 통해 제품 및 서비스 품질 관련 리스크를 관리하고 있습니다. 또한, 주요 부서들은 관련 법규의 변화에 따라 내부통제 정책 전반을 지속적으로 개선하고 보완함으로써 사업 운영 전반의 리스크를 효율적으로 관리하고 안정적인 사업 영위를 위한 시스템을 구축하여 운영하고 있습니다. | F15: =IF(LEN(D15)>0,1,0) -> 1 | G15: =IF(LEN(E15)>0,1,0) -> 1 | H15: 636 | I15: 178 | J15: 6 | K15: 2 | L15: 105.2 | M15: 88.5 | N15: 0.142 | O15: 0.322 | P15: 0.9407 | Q15: 0.8667 | R15: 0.31 | S15: 0.69 | T15: 1 | U15: 0.8 | V15: 4.72 | W15: 11.24 | X15: 0 | Y15: 0 | Z15: 0 | AA15: 0 | AB15: =IF(AND($F15=1,$G15=1),IF(R15>S15,"V2",IF(S15>R15,"V3","동률")),"비교불가") -> V3 | AC15: =IF(AND($F15=1,$G15=1),IF(T15>U15,"V2",IF(U15>T15,"V3","동률")),"비교불가") -> V2 | AD15: Answer: passed / Consumer Decision: answered_partial / QA Grade: partial / Publication: review_required / Publication Reason: missing_expected_facets / Coverage: missing_expected_facets / RAG Coverage: complete / Answerable: True / Evidence: high_confidence
A16: EBX-Q-015 | B16: 사회 / 지표 (Metrics) / 제품 안전 및 품질 관련 사고 현황 | C16: 제품 안전 / 제품 안전 및 품질 관련 사고 현황 | F16: =IF(LEN(D16)>0,1,0) -> 0 | G16: =IF(LEN(E16)>0,1,0) -> 0 | H16: 0 | I16: 0 | J16: 0 | K16: 0 | L16: 0 | M16: 0 | N16: 0 | O16: 0 | P16: 0 | Q16: 0 | R16: 0 | S16: 0 | T16: 0 | U16: 0 | V16: 0 | W16: 0 | X16: 0 | Y16: 0 | Z16: 0 | AA16: 0 | AB16: =IF(AND($F16=1,$G16=1),IF(R16>S16,"V2",IF(S16>R16,"V3","동률")),"비교불가") -> 비교불가 | AC16: =IF(AND($F16=1,$G16=1),IF(T16>U16,"V2",IF(U16>T16,"V3","동률")),"비교불가") -> 비교불가 | AD16: Answer: failed / Consumer Decision: blocked_qa / QA Grade: failed / Publication: blocked / Publication Reason: qa_not_passed / Coverage: writer_empty / RAG Coverage: complete / Answerable: True / Evidence: high_confidence
A17: EBX-Q-016 | B17: 사회 / 전략 (Strategy) / 정보보안 및 개인정보 보호 정책 | C17: 정보보호 / 정보보안 및 개인정보 보호 정책 | D17: 디지털 전환의 가속화로 정보보안 및 정보보호의 중요성이 증대됨에 따라, 대웅제약은 글로벌 수준의 강력한 보안 체계를 지속적으로 강화하고 있습니다. 이를 위해 정보보호 정책을 제정하고 매년 1회 이상 개정을 실시함으로써 최신 보안 위협에 기민하게 대응하고 전사적인 보안 역량을 고도화하고 있습니다. 특히 법무자문을 통해 1개의 정책, 3개의 규정, 12개의 지침으로 구성된 체계적인 정보보호 정책 체계를 재정비하여 데이터 보호를 위한 관리 기준과 원칙을 명확히 수립하였습니다. 이러한 정보보호 정책은 내부 임직원뿐만 아니라 관계사 및 협력사 등 업무와 관련된 모든 이해관계자에게 공유하고 있으며, 정책 준수를 권고함으로써 공급망 전반의 보안 수준을 상향 평준화하는 데 주력하고 있습니다. 또한 기술적 방어 체계 구축에 그치지 않고 보안 캠페인, 공지, 정기 교육 등 임직원의 보안 인식을 제고하기 위한 다각적인 활동을 전개하여 인적 보안 리스크를 최소화하고 있습니다. 이와 함께 내부 정보 유출을 비롯한 이상 행위를 실시간으로 탐지하기 위한 모니터링 시스템을 상시 운영함으로써, 정책적 기준과 기술적 통제가 조화를 이루는 통합 보안 관리 체계를 공고히 하고 있습니다. 대웅제약은 이러한 다층적인 보안 전략을 통해 기업의 핵심 자산과 개인정보를 안전하게 보호하며 신뢰받는 디지털 환경을 조성하고 있습니다. | E17: 대웅제약은 1개의 정책, 3개의 규정, 12개의 지침으로 구성된 정보보호 정책 체계를 법무자문을 통해 재정비하였으며, 매년 1회 이상 개정을 통해 보안 역량을 강화하고 있습니다. 임직원, 관계사, 협력사 등 모든 이해관계자에게 해당 정책을 공유하고 준수를 권고하며, 해외 파트너사를 대상으로 보안 교육과 감사를 실시하여 정보 유출을 예방하고 있습니다. 또한, ISO 27001(정보보안관리 시스템) 및 ISO 27701(개인정보보호 경영 시스템) 국제 표준 인증을 유지하여 정보 자산과 고객 개인정보를 보호하고 있으며, 전문 모니터링 시스템을 통해 내부 정보 유출 및 이상 행위에 선제적으로 대응하고 있습니다. | F17: =IF(LEN(D17)>0,1,0) -> 1 | G17: =IF(LEN(E17)>0,1,0) -> 1 | H17: 672 | I17: 341 | J17: 7 | K17: 3 | L17: 95.1 | M17: 113 | N17: 0.155 | O17: 0.194 | P17: 0.9331 | Q17: 0.9125 | R17: 0.388 | S17: 0.698 | T17: 1 | U17: 1 | V17: 4.46 | W17: 2.93 | X17: 5 | Y17: 15 | Z17: 0 | AA17: 0 | AB17: =IF(AND($F17=1,$G17=1),IF(R17>S17,"V2",IF(S17>R17,"V3","동률")),"비교불가") -> V3 | AC17: =IF(AND($F17=1,$G17=1),IF(T17>U17,"V2",IF(U17>T17,"V3","동률")),"비교불가") -> 동률 | AD17: Answer: passed / Consumer Decision: answered / QA Grade: full / Publication: published / Publication Reason: complete_grounded_answer / Coverage: complete_grounded_answer / RAG Coverage: complete / Answerable: True / Evidence: high_confidence
A18: EBX-Q-017 | B18: 사회 / 거버넌스 (Governance) / 정보보호 관리 조직 | C18: 정보보호 / 정보보호 관리 조직 | D18: 준법경영본부 정보보호팀이 대웅제약의 정보보호 업무를 전담하여 운영하고 있습니다. 전사적인 정보보호 강화를 위해 조직적, 인적, 물리적, 기술적 통제 영역 전반에서 회사 기밀정보와 개인정보보호 시스템을 종합적으로 분석하고 있으며, 이를 바탕으로 체계적인 개선 로드맵을 수립하여 이행하고 있습니다. 정보보안 및 정보보호 규정은 감독 및 규제 당국의 지침과 변화하는 업무 환경을 반영하여 매년 최소 한 차례 개정하며, 정보보호위원회의 검토와 최고경영자의 승인을 거쳐 공개하는 체계를 갖추고 있습니다. 특히 산업통상자원부가 지정한 국가핵심기술인 '보툴리눔 톡신 제제 생산기술'을 보유함에 따라, '국가핵심기술 보호관리 지침'을 제정하여 전문적인 산업보안 관리체계를 운영 중입니다. 또한 대웅 관계사에 쉐어드 서비스를 제공함으로써 그룹사 보안 전략 수립을 지원하고 관리를 수행하며, 그룹 전체가 대웅제약과 동일한 수준의 정보보안 관리체계를 유지할 수 있도록 지원하고 있습니다. 이러한 관리 체계는 해외 제조소인 '셀라톡스'의 보안관리체계 기준 정립으로 확대되어, 해외 법인의 국가핵심기술 보호 성과로 이어지고 있습니다. | E18: 대웅제약의 정보보호 업무는 준법경영본부 정보보호팀에서 전담하고 있으며, 조직적, 인적, 물리적, 기술적 통제 영역에 걸쳐 기밀정보 및 개인정보보호 시스템을 분석하고 개선 로드맵을 수립하여 이행하고 있습니다. 또한 정보보안 및 정보보호 규정은 매년 최소 한 차례 개정하며, 정보보호위원회의 검토와 최고경영자의 승인을 거쳐 공개하는 관리 체계를 운영하고 있습니다. 아울러 대웅 관계사에 쉐어드 서비스를 제공하여 그룹사 보안 전략 수립을 지원하고 동일한 수준의 정보보안 관리체계를 운영할 수 있도록 지원하고 있습니다. | F18: =IF(LEN(D18)>0,1,0) -> 1 | G18: =IF(LEN(E18)>0,1,0) -> 1 | H18: 565 | I18: 286 | J18: 6 | K18: 3 | L18: 93.3 | M18: 94.7 | N18: 0.272 | O18: 0.152 | P18: 0.9561 | Q18: 0.952 | R18: 0.6 | S18: 0.718 | T18: 1 | U18: 1 | V18: 3.54 | W18: 3.5 | X18: 0 | Y18: 0 | Z18: 0 | AA18: 0 | AB18: =IF(AND($F18=1,$G18=1),IF(R18>S18,"V2",IF(S18>R18,"V3","동률")),"비교불가") -> V3 | AC18: =IF(AND($F18=1,$G18=1),IF(T18>U18,"V2",IF(U18>T18,"V3","동률")),"비교불가") -> 동률 | AD18: Answer: passed / Consumer Decision: answered_partial / QA Grade: partial / Publication: review_required / Publication Reason: partial_answer / Coverage: partial_answer / RAG Coverage: insufficient / Answerable: False / Evidence: insufficient
A19: EBX-Q-018 | B19: 사회 / 위험 관리 (Risk Management) / 정보보안 및 개인정보 보호 리스크 관리 | C19: 정보보호 / 정보보안 및 개인정보 보호 리스크 관리 | D19: 대웅제약은 법무자문을 통해 1개의 정책, 3개의 규정, 12개의 지침으로 구성된 정보보호 정책 체계를 재정비하여 운영하고 있습니다. 이러한 정책 체계는 임직원을 비롯하여 관계사 및 협력사 등 업무와 관련된 모든 이해관계자에게 공유하고 있으며, 이를 통해 전사적인 정책 준수를 권고하고 있습니다. 전사 정보보호 역량 강화를 위해 조직적, 인적, 물리적, 기술적 통제 영역 전반에 걸쳐 회사 기밀정보와 개인정보 보호 시스템을 종합적으로 분석하고 있으며, 이를 기반으로 수립한 체계적인 개선 로드맵을 충실히 이행하고 있습니다. 기술적 방어 체계의 구축뿐만 아니라 보안 캠페인, 공지, 정기 교육 등 임직원의 보안 인식을 제고하기 위한 다각적인 활동을 전개하고 있으며, 내부 정보 유출 및 이상 행위를 실시간으로 탐지하기 위한 모니터링 시스템을 상시 운영하여 리스크 대응력을 높이고 있습니다. 실질적인 보호대책 이행을 위해 세부 수행계획을 작성하고 배포하여 관련 담당자들의 실행력을 지원하고 있습니다. 그 결과, 관리 대상 항목 중 27개 항목에 대한 이행조치를 완료하였으며, 나머지 39개 항목에 대해서도 지속적으로 조치를 진행하며 보안 수준을 고도화하고 있습니다. 아울러 그룹 전체의 정보보호 수준을 상향 평준화하기 위해 대웅 관계사에 쉐어드 서비스를 제공하고 그룹사 보안 전략 수립을 지원함으로써, 관계사들이 대웅제약과 동일한 수준의 정보보안 관리체계를 안정적으로 운영할 수 있도록 통합적인 관리 체계를 구축하고 있습니다. | E19: 대웅제약은 ISO 27001(정보보안) 및 ISO 27701(개인정보보호) 인증을 유지하여 정보 자산과 고객 개인정보를 보호하고 있습니다. 법무자문을 통해 1개의 정책, 3개의 규정, 12개의 지침으로 구성된 정보보호 정책 체계를 재정비하였으며, 전문 모니터링 시스템을 구축하여 내부 정보 유출 및 이상 행위에 대해 상시 모니터링과 선제적 대응 체계를 운영하고 있습니다. 또한, 2024년에는 17개 점검 대상을 기준으로 정보보호 위험 식별 및 이행조치를 실시하여 미흡 항목에 대한 보호대책 이행을 지원하고 있으며, 해외 파트너사를 대상으로 보안 교육과 감사를 실시하여 정보 유출을 예방하고 있습니다. | F19: =IF(LEN(D19)>0,1,0) -> 1 | G19: =IF(LEN(E19)>0,1,0) -> 1 | H19: 739 | I19: 336 | J19: 7 | K19: 3 | L19: 104.7 | M19: 111.3 | N19: 0.307 | O19: 0.218 | P19: 0.9403 | Q19: 0.9283 | R19: 0.466 | S19: 0.693 | T19: 1 | U19: 0.6 | V19: 4.06 | W19: 2.98 | X19: 8 | Y19: 20 | Z19: 0 | AA19: 0 | AB19: =IF(AND($F19=1,$G19=1),IF(R19>S19,"V2",IF(S19>R19,"V3","동률")),"비교불가") -> V3 | AC19: =IF(AND($F19=1,$G19=1),IF(T19>U19,"V2",IF(U19>T19,"V3","동률")),"비교불가") -> V2 | AD19: Answer: passed / Consumer Decision: answered / QA Grade: full / Publication: published / Publication Reason: complete_grounded_answer / Coverage: complete_grounded_answer / RAG Coverage: complete / Answerable: True / Evidence: high_confidence
A20: EBX-Q-019 | B20: 사회 / 지표 (Metrics) / 개인정보 침해 및 정보보안 사고 현황 | C20: 정보보호 / 개인정보 침해 및 정보보안 사고 현황 | D20: 대웅제약은 정보보호 정책을 제정하고 매년 1회 이상 개정을 통해 전사적인 보안 역량을 강화하고 있습니다. 이러한 체계적인 관리 체계를 바탕으로 2022년 제약업계 최초로 정보보안관리 시스템인 ISO 27001과 개인정보보호 경영 시스템인 ISO 27701 국제 표준인증을 획득하였으며, 이를 3년 연속 유지하며 글로벌 수준의 보안 신뢰성을 확보하였습니다. 실질적인 정보보호 성과 측면에서는 대웅과 대웅제약 합산 기준으로 2022년부터 2025년까지 규제 기관에 의한 고객 사생활 또는 개인정보 침해 관련 불만 건수가 0건을 기록하며 안정적인 관리 상태를 유지하고 있습니다. 앞으로도 글로벌 수준의 강력한 보안 체계를 지속적으로 강화하고, 클라우드 보안 체계 구축 및 임직원 보안 인식 프로그램 확대 등을 통해 정보보호 관리체계를 더욱 발전시켜 나갈 계획입니다. | F20: =IF(LEN(D20)>0,1,0) -> 1 | G20: =IF(LEN(E20)>0,1,0) -> 0 | H20: 425 | I20: 0 | J20: 4 | K20: 0 | L20: 105.5 | M20: 0 | N20: 0.285 | O20: 0 | P20: 0.9547 | Q20: 0 | R20: 0.471 | S20: 0 | T20: 0.6 | U20: 0 | V20: 9.41 | W20: 0 | X20: 25 | Y20: 0 | Z20: 0 | AA20: 0 | AB20: =IF(AND($F20=1,$G20=1),IF(R20>S20,"V2",IF(S20>R20,"V3","동률")),"비교불가") -> 비교불가 | AC20: =IF(AND($F20=1,$G20=1),IF(T20>U20,"V2",IF(U20>T20,"V3","동률")),"비교불가") -> 비교불가 | AD20: Answer: failed / Consumer Decision: blocked_qa / QA Grade: failed / Publication: blocked / Publication Reason: qa_not_passed / Coverage: writer_empty / RAG Coverage: complete / Answerable: True / Evidence: high_confidence
A21: EBX-Q-020 | B21: 환경 / 전략 (Strategy) / 환경경영 정책 및 목표 | C21: 환경경영 / 환경경영 정책 및 목표 | D21: 대웅제약은 탄소배출 및 오염물질 저감 등 친환경 경영을 통한 무재해를 추구하며, 전 임직원의 철저한 책임의식과 적극적인 의무 이행 참여를 바탕으로 법적 규제 및 정해진 절차를 엄격히 준수하는 환경경영을 실현하고 있습니다. 이를 위해 ISO14001 환경경영시스템에 기반하여 관리 절차와 프로세스를 체계적으로 수립하고 운영함으로써, 제품 제조과정에서 발생할 수 있는 잠재적인 환경 문제와 기후변화 리스크에 선제적으로 대응하고 환경에 미치는 부정적인 영향을 최소화하는 데 주력하고 있습니다. 회사는 환경 관련 정보를 체계적으로 수집하고 평가하는 관리 체계를 구축하여 운영 중이며, 환경 개선을 위해 측정 가능한 목표를 설정하고 해당 목표의 적절성을 정기적으로 점검함으로써 실행력을 높이고 있습니다. 이러한 환경 성과 개선 노력은 단순한 기업 활동의 범위를 넘어 제품과 서비스의 개발 및 제공 전 과정으로 확대하여 지속적으로 추진하고 있습니다. 또한, 전 임직원을 대상으로 환경 관련 교육과 훈련을 정기적으로 실시함으로써 환경 경영에 대한 인식을 제고하고 실질적인 이행 역량을 강화하고 있습니다. 이를 통해 전사적인 환경 보호 및 지속가능한 운영 체계를 공고히 하며, 규제 준수를 넘어선 능동적인 환경 관리 문화를 정착시키고 있습니다. | E21: 대웅제약은 탄소배출 및 오염물질 저감 등 친환경 경영을 통한 무재해를 추구하며, ISO14001 환경경영시스템에 따라 관리 절차와 프로세스를 체계적으로 수립 및 운영하고 있습니다. 이를 통해 제품 제조과정에서 발생할 수 있는 환경 문제와 기후변화에 선제적으로 대응하여 환경에 미치는 부정적인 영향을 최소화하고 있습니다. 외부 평가 자료상 또한, 환경경영체제를 수립 및 유지하며 환경 개선을 위한 측정 가능한 목표를 설정하고 정기적으로 점검하며, 제품과 서비스의 개발 및 제공 과정에서 환경 성과를 개선하기 위한 노력을 지속하고 있습니다. | F21: =IF(LEN(D21)>0,1,0) -> 1 | G21: =IF(LEN(E21)>0,1,0) -> 1 | H21: 632 | I21: 300 | J21: 6 | K21: 3 | L21: 104.5 | M21: 99.3 | N21: 0.251 | O21: 0.181 | P21: 0.937 | Q21: 0.9242 | R21: 0.362 | S21: 0.718 | T21: 0.667 | U21: 0.667 | V21: 11.08 | W21: 6.67 | X21: 5 | Y21: 5 | Z21: 1 | AA21: 1 | AB21: =IF(AND($F21=1,$G21=1),IF(R21>S21,"V2",IF(S21>R21,"V3","동률")),"비교불가") -> V3 | AC21: =IF(AND($F21=1,$G21=1),IF(T21>U21,"V2",IF(U21>T21,"V3","동률")),"비교불가") -> 동률 | AD21: Answer: passed / Consumer Decision: answered_partial / QA Grade: cautious / Publication: review_required / Publication Reason: assessment_only / Coverage: assessment_only / RAG Coverage: complete / Answerable: True / Evidence: high_confidence
A22: EBX-Q-021 | B22: 환경 / 거버넌스 (Governance) / 환경경영 조직 및 책임 | C22: 환경경영 / 환경경영 조직 및 책임 | D22: 대웅그룹 EHS 경영위원회는 대표이사를 포함한 6인의 이사회 구성원으로 조직되어 환경안전 경영 체계를 감독하고 있습니다. 해당 위원회는 매년 대웅 그룹사의 환경안전 경영방침과 조직 현황, 활동 실적 및 KPI를 검토하며, 예산과 환경안전보건 사업계획을 승인함으로써 전사적인 환경경영의 책임과 실행력을 확보하고 있습니다. | E22: 대웅그룹은 대표이사를 포함한 6인으로 구성된 이사회를 통해 EHS 경영 조직을 운영하고 있습니다. 해당 조직은 매년 그룹사의 환경안전 경영방침, 조직현황, 활동실적, KPI, 예산 및 환경안전보건사업계획 등을 검토하고 승인하는 책임 체계를 갖추고 있습니다. | F22: =IF(LEN(D22)>0,1,0) -> 1 | G22: =IF(LEN(E22)>0,1,0) -> 1 | H22: 178 | I22: 143 | J22: 2 | K22: 2 | L22: 88.5 | M22: 71 | N22: 0.243 | O22: 0.239 | P22: 0.9474 | Q22: 0.9677 | R22: 0.368 | S22: 0.554 | T22: 1 | U22: 0.667 | V22: 0 | W22: 6.99 | X22: 1 | Y22: 1 | Z22: 0 | AA22: 0 | AB22: =IF(AND($F22=1,$G22=1),IF(R22>S22,"V2",IF(S22>R22,"V3","동률")),"비교불가") -> V3 | AC22: =IF(AND($F22=1,$G22=1),IF(T22>U22,"V2",IF(U22>T22,"V3","동률")),"비교불가") -> V2 | AD22: Answer: passed / Consumer Decision: answered_partial / QA Grade: partial / Publication: review_required / Publication Reason: missing_expected_facets / Coverage: missing_expected_facets / RAG Coverage: complete / Answerable: True / Evidence: high_confidence
A23: EBX-Q-022 | B23: 환경 / 위험 관리 (Risk Management) / 환경 영향 및 환경 리스크 관리 | C23: 환경경영 / 환경 영향 및 환경 리스크 관리 | D23: 비즈니스 운영과 제품 및 서비스 전반에서 발생할 수 있는 부정적인 환경 영향을 정기적으로 식별하고 평가하는 체계적인 관리 프로세스를 가동하고 있습니다. 특히 사업장 내 환경 리스크를 사전에 파악하고 이에 따른 개선 활동을 수행함으로써 잠재적 위험 요인을 선제적으로 관리하는 데 집중합니다. 이러한 리스크 관리 관점은 투자의사결정 단계까지 적용되어, 환경적 위험 및 기회 요인을 면밀히 검토하여 경영 전략에 반영하고 있습니다. 환경 및 환경권 보호를 위해 구체적이고 측정 가능하며 달성 가능한 정책과 목표를 수립하여 지속적으로 모니터링하고 있습니다. 이를 기반으로 환경 목표 및 성과 관리, 법규 준수, 에너지 및 온실가스 관리 등 주요 환경경영 활동을 체계적으로 이행하며 리스크 대응 역량을 강화하고 있습니다. 실질적인 환경 영향 저감을 위해 원자재와 에너지 사용을 최적화하고, 폐기물 및 온실가스 배출량을 감축하는 활동을 전개하여 환경 부하를 최소화하고 있습니다. 또한 모든 임직원을 대상으로 정기적인 환경 교육을 제공함으로써 전 구성원이 환경 리스크에 대한 인식을 제고하고 자발적으로 환경 경영을 실천하는 문화를 조성하고 있습니다. | E23: 외부 평가 자료상 대웅제약은 비즈니스 운영, 제품 또는 서비스와 관련된 부정적인 환경 영향을 정기적으로 식별하고 평가하고 있습니다. | F23: =IF(LEN(D23)>0,1,0) -> 1 | G23: =IF(LEN(E23)>0,1,0) -> 1 | H23: 579 | I23: 73 | J23: 7 | K23: 1 | L23: 81.9 | M23: 73 | N23: 0.104 | O23: 0 | P23: 0.8912 | Q23: 1 | R23: 0.34 | S23: 0.75 | T23: 1 | U23: 0.6 | V23: 6.91 | W23: 0 | X23: 0 | Y23: 0 | Z23: 1 | AA23: 0 | AB23: =IF(AND($F23=1,$G23=1),IF(R23>S23,"V2",IF(S23>R23,"V3","동률")),"비교불가") -> V3 | AC23: =IF(AND($F23=1,$G23=1),IF(T23>U23,"V2",IF(U23>T23,"V3","동률")),"비교불가") -> V2 | AD23: Answer: passed / Consumer Decision: answered_partial / QA Grade: cautious / Publication: review_required / Publication Reason: draft_evidence / Coverage: draft_evidence / RAG Coverage: complete / Answerable: True / Evidence: high_confidence
A24: EBX-Q-023 | B24: 환경 / 지표 (Metrics) / 환경 성과 지표 및 환경 사고 현황 | C24: 환경경영 / 환경 성과 지표 및 환경 사고 현황 | D24: 대웅제약은 에너지 효율 개선과 자원 순환 확대를 통해 환경 경영 성과를 관리하고 있습니다. 에너지 원단위의 경우 2025년 기준 65.86GJ/억원으로, 2024년의 68.23GJ/억원 대비 감소하며 전년도 목표였던 73.27GJ/억원을 달성하였습니다. 수자원 및 폐기물 관리 측면에서도 지속적인 개선을 추진하고 있습니다. 용수 재사용률은 2024년 7.23%에서 2025년 9.34%로 상승하였으며, 향후 2026년에는 14.7%까지 확대하는 것을 목표로 하고 있습니다. 폐기물 재활용률은 2024년 89.2%에 이어 2025년 89.1%를 기록하였으며, 2026년에는 90.2% 달성을 목표로 설정하여 자원 순환 체계를 강화하고 있습니다. | F24: =IF(LEN(D24)>0,1,0) -> 1 | G24: =IF(LEN(E24)>0,1,0) -> 0 | H24: 359 | I24: 0 | J24: 5 | K24: 0 | L24: 71 | M24: 0 | N24: 0.319 | O24: 0 | P24: 0.925 | Q24: 0 | R24: 0.348 | S24: 0 | T24: 0.5 | U24: 0 | V24: 5.57 | W24: 0 | X24: 62 | Y24: 0 | Z24: 0 | AA24: 0 | AB24: =IF(AND($F24=1,$G24=1),IF(R24>S24,"V2",IF(S24>R24,"V3","동률")),"비교불가") -> 비교불가 | AC24: =IF(AND($F24=1,$G24=1),IF(T24>U24,"V2",IF(U24>T24,"V3","동률")),"비교불가") -> 비교불가 | AD24: Answer: failed / Consumer Decision: blocked_qa / QA Grade: failed / Publication: blocked / Publication Reason: qa_not_passed / Coverage: writer_empty / RAG Coverage: complete / Answerable: True / Evidence: high_confidence
A25: EBX-Q-024 | B25: 거버넌스 / 전략 (Strategy) / 윤리경영 정책 및 목표 | C25: 윤리경영 / 윤리경영 정책 및 목표 | D25: 대웅제약은 임직원이 모든 업무 수행 과정에서 반드시 준수해야 할 윤리적 가치와 행동 원칙을 체계적으로 정의한 윤리규범을 수립하여 운영하고 있습니다. 이는 기업 경영의 투명성을 확보하고 사회적 책임을 다하기 위한 근간으로서, 전 임직원이 공유하는 윤리적 기준점이 됩니다. 더불어 윤리규범에 명시된 추상적인 원칙들을 실제 업무 현장에서 구체적으로 적용할 수 있도록 세부적인 지침과 기준을 담은 행동준칙을 마련하였습니다. 이러한 행동준칙은 임직원이 직면할 수 있는 다양한 상황에서 올바른 판단을 내릴 수 있도록 돕는 실무적인 가이드라인 역할을 수행하며, 윤리경영의 실행력을 실질적으로 높이는 데 기여하고 있습니다. 회사는 단순히 규범을 제정하는 것에 그치지 않고, 윤리규범과 행동준칙이 조직 내에서 실질적으로 이행될 수 있도록 다각적인 노력을 기울이고 있습니다. 이를 통해 윤리경영이 일시적인 캠페인이 아닌 기업 문화의 핵심 가치로 깊이 뿌리내릴 수 있도록 추진하고 있습니다. 나아가 대웅제약은 CP 운영과 윤리경영 체계를 더욱 공고히 구축하여 전사적인 CP 준수 문화를 정착시키는 데 주력하고 있습니다. 이러한 노력은 2026년에도 지속적으로 추진될 예정이며, 철저한 윤리·준법 경영을 통해 Global Healthcare Group이라는 기업 비전에 걸맞은 글로벌 수준의 경쟁력과 신뢰도를 갖춘 기업으로 성장해 나가고자 합니다. | E25: 대웅제약은 임직원이 업무 수행 과정에서 준수해야 할 윤리적 가치와 행동 원칙을 명시한 윤리규범과 이를 실제 업무에 적용하기 위한 구체적인 지침인 행동준칙을 운영하고 있습니다. 대외 관계에서의 정직과 성실 유지, 불공정한 청탁 및 부당 이익 취득 금지를 강조하며, 윤리규범 위반 행위에 대해서는 무관용 원칙을 적용하여 철저히 조사하고 조치하고 있습니다. 또한, CP(공정거래 자율준수 프로그램) 운영과 윤리경영을 공고히 하여 리베이트 없는 투명한 윤리 기업을 입증하고, 보다 강화된 윤리경영을 통해 신뢰받는 기업으로 거듭나는 것을 목표로 하고 있습니다. | F25: =IF(LEN(D25)>0,1,0) -> 1 | G25: =IF(LEN(E25)>0,1,0) -> 1 | H25: 686 | I25: 308 | J25: 8 | K25: 3 | L25: 84.9 | M25: 102 | N25: 0.236 | O25: 0.063 | P25: 0.9348 | Q25: 0.9743 | R25: 0.251 | S25: 0.532 | T25: 0.333 | U25: 0.667 | V25: 8.75 | W25: 3.25 | X25: 4 | Y25: 0 | Z25: 0 | AA25: 0 | AB25: =IF(AND($F25=1,$G25=1),IF(R25>S25,"V2",IF(S25>R25,"V3","동률")),"비교불가") -> V3 | AC25: =IF(AND($F25=1,$G25=1),IF(T25>U25,"V2",IF(U25>T25,"V3","동률")),"비교불가") -> V3 | AD25: Answer: passed / Consumer Decision: answered_partial / QA Grade: partial / Publication: review_required / Publication Reason: partial_answer / Coverage: partial_answer / RAG Coverage: insufficient / Answerable: False / Evidence: insufficient
A26: EBX-Q-025 | B26: 거버넌스 / 거버넌스 (Governance) / 윤리경영 조직 및 운영 체계 | C26: 윤리경영 / 윤리경영 조직 및 운영 체계 | D26: 대웅제약은 윤리경영 신문고를 운영하여 임직원의 고충 사항과 윤리규범 위반 제보, 제도 개선 의견 등을 상시 접수하고 있습니다. 이를 통해 조직 내 투명성과 청렴성을 강화하고 불공정 행위를 사전에 예방함으로써, 임직원이 함께 참여하는 건전한 기업문화를 조성하는 데 주력하고 있습니다. 신문고를 통한 제보 대상은 윤리규범 및 관련 법규를 위반하는 뇌물 수수, 부당거래, 성희롱 등의 행위를 포함하여 금품수수나 향응제공과 같이 건전한 기업문화를 저해하는 비윤리적 행위 전반으로 규정하고 있습니다. 아울러 단순한 위반 제보에 그치지 않고, 효율적인 업무 처리 방식이나 기업문화의 긍정적인 변화를 이끌어낼 수 있는 정책 개선 제안까지 폭넓게 접수하여 운영 체계의 실효성을 높이고 있습니다. 특히 제보자가 신분 노출이나 인사상 불이익에 대한 우려 없이 자유롭게 의견을 개진할 수 있도록 철저한 제보자 보호 원칙을 준수하고 있습니다. 제보자의 신원을 엄격히 보장하는 보호 체계를 통해 내부 신고 제도의 신뢰도를 확보하고, 이를 바탕으로 윤리경영 위반 사항을 체계적으로 관리하며 청렴한 조직 환경을 구축하고 있습니다. | E26: 대웅제약은 공정거래 관련 법규의 자율적 준수를 위해 CP(공정거래자율준수프로그램)를 운영하고 있습니다. 9명으로 구성된 CP 전담조직을 중심으로 교육, 모니터링, 제재, 평가 체계를 구축하여 운영 중이며, CP위원회 운영과 제품설명회 상시 점검, 위반자 징계조치 등을 수행하고 있습니다. 또한 그룹 관계사 지원 및 파트너사 정기감사 대응을 통해 투명한 준법경영 체계를 강화하고 있습니다. | F26: =IF(LEN(D26)>0,1,0) -> 1 | G26: =IF(LEN(E26)>0,1,0) -> 1 | H26: 561 | I26: 216 | J26: 6 | K26: 3 | L26: 92.7 | M26: 71.3 | N26: 0.173 | O26: 0.304 | P26: 0.9568 | Q26: 0.945 | R26: 0.302 | S26: 0.693 | T26: 1 | U26: 0.75 | V26: 5.35 | W26: 9.26 | X26: 0 | Y26: 1 | Z26: 0 | AA26: 0 | AB26: =IF(AND($F26=1,$G26=1),IF(R26>S26,"V2",IF(S26>R26,"V3","동률")),"비교불가") -> V3 | AC26: =IF(AND($F26=1,$G26=1),IF(T26>U26,"V2",IF(U26>T26,"V3","동률")),"비교불가") -> V2 | AD26: Answer: passed / Consumer Decision: answered_partial / QA Grade: partial / Publication: review_required / Publication Reason: missing_expected_facets / Coverage: missing_expected_facets / RAG Coverage: insufficient / Answerable: False / Evidence: insufficient
A27: EBX-Q-026 | B27: 거버넌스 / 위험 관리 (Risk Management) / 윤리 및 준법 리스크 관리 | C27: 윤리경영 / 윤리 및 준법 리스크 관리 | D27: 대웅제약은 국내외 법규 및 규정을 철저히 준수하고 기업 윤리를 강화함으로써 법규 리스크를 최소화하는 데 주력하고 있습니다. 특히 ISO37001 부패방지경영시스템을 기반으로 부패리스크 평가, 내부심사, 사후심사 및 경영검토를 수행하며 준법·윤리경영 체계를 고도화하고 인증을 유지하고 있습니다. 공정하고 투명한 영업 및 마케팅 문화 정착을 위해 경제적 이익 지출보고 및 모니터링 체계를 강화하고 있습니다. 제품설명회, 견본품 제공, 학회참가 및 임상시험 지원, 시판 후 조사 등 항목별 지출내역을 작성 및 보관하여 심평원에 제출하고 있으며, 지출관리 시스템 개선과 영업부 운영기준 강화를 통해 관리 체계를 정교화하였습니다. 또한 영업·마케팅 비용 사용 내역에 대한 상시 점검과 법인카드 사용 모니터링 시나리오를 세분화하여 리스크를 선제적으로 관리합니다. 준법경영의 실천력을 높이기 위해 CP(공정거래자율준수프로그램) 전담조직을 설치하여 불공정 거래 리스크를 제거하고 있으며, 임직원을 대상으로 공정거래 및 부패방지 서약과 교육을 운영하고 있습니다. 아울러 CSO 신고제 대응을 위해 의약품 및 의료기기 판촉영업자 신고를 완료하고 관련 의무교육 수료를 진행하는 등 법적 준거성을 확보하고 있습니다. 이와 함께 주요 부서들은 법규 변화에 따라 내부통제 정책을 지속적으로 개선 및 보완하며 사업 운영 전반의 리스크를 효율적으로 관리하고 있습니다. | E27: 대웅제약은 부패 및 법규 리스크를 최소화하기 위해 ISO 37001(부패방지경영시스템) 인증을 취득하여 국제 표준 기반의 경영 시스템을 구축 및 운영하고 있으며, 부패리스크 평가, 내부심사, 사후심사 및 경영검토를 통해 체계를 고도화하고 있습니다. 또한 공정거래법, 약사법 등 관련 법규의 자율적 준수를 위해 공정거래자율준수프로그램(CP)을 운영하고 있으며, 이를 전담하는 CP 전담조직을 설치하여 불공정 거래 리스크를 관리하고 있습니다. 이와 함께 경제적 이익 지출보고 및 모니터링 체계 강화, 전사 부패방지 교육 및 임직원 서약 실시, CSO 신고제 대응 등을 통해 투명한 영업 마케팅 문화를 정착시키고 관련 법규 변화에 따라 내부통제 정책을 지속적으로 개선하고 있습니다. | F27: =IF(LEN(D27)>0,1,0) -> 1 | G27: =IF(LEN(E27)>0,1,0) -> 1 | H27: 693 | I27: 378 | J27: 8 | K27: 3 | L27: 85.8 | M27: 125.3 | N27: 0.225 | O27: 0.111 | P27: 0.93 | Q27: 0.9314 | R27: 0.513 | S27: 0.581 | T27: 1 | U27: 0.5 | V27: 5.77 | W27: 10.58 | X27: 5 | Y27: 5 | Z27: 0 | AA27: 0 | AB27: =IF(AND($F27=1,$G27=1),IF(R27>S27,"V2",IF(S27>R27,"V3","동률")),"비교불가") -> V3 | AC27: =IF(AND($F27=1,$G27=1),IF(T27>U27,"V2",IF(U27>T27,"V3","동률")),"비교불가") -> V2 | AD27: Answer: passed / Consumer Decision: answered / QA Grade: full / Publication: published / Publication Reason: complete_grounded_answer / Coverage: complete_grounded_answer / RAG Coverage: complete / Answerable: True / Evidence: high_confidence
A28: EBX-Q-027 | B28: 거버넌스 / 지표 (Metrics) / 윤리 위반 및 준법 관련 사건 현황 | C28: 윤리경영 / 윤리 위반 및 준법 관련 사건 현황 | D28: 대웅과 대웅제약 합산 기준으로 윤리 및 준법 경영 성과를 통합 관리하고 있습니다. 징계 합계 건수는 2022년 1건에서 2023년 8건, 2024년 11건을 거쳐 2025년에는 19건으로 집계되었습니다. 징계 세부 항목 중 관리감독 소홀은 2023년 5건, 2024년 2건, 2025년 2건이 발생한 것으로 확인됩니다. 법규 및 규제 위반과 관련하여 벌금 또는 처벌을 받은 사건은 2022년과 2023년에 각각 2건씩 발생하였으나, 2024년과 2025년에는 발생하지 않았습니다. 사례별 위반 현황을 살펴보면, 국내 마케팅 활동에 관한 광고 위반은 2022년 2건, 2023년 1건, 2025년 1건이 확인되었으며, 여기에는 2023년 우루샷 광고 업무 행정처분과 2025년 임팩타민프리미엄원스정 광고업무정지 사례가 포함됩니다. 기타 규정 위반의 경우 2022년 1건, 2023년 1건, 2024년 3건, 2025년 1건이 발생하였습니다. 주요 사례로는 2023년 페노스탑 제조업무정지 3개월과 2024년 주플리외용액 자진회수, 엘도스시럽 회수폐기명령, 클로아트 영업자회수조치 등이 있습니다. 아울러 직장 내 괴롭힘 및 법인카드 부정사용 등 CP 기준 위반자에 대해서는 인사위원회 회부를 통해 감봉 3개월 이상의 중징계를 시행하는 등 엄격한 윤리 기준을 적용하여 관리하고 있습니다. | F28: =IF(LEN(D28)>0,1,0) -> 1 | G28: =IF(LEN(E28)>0,1,0) -> 0 | H28: 661 | I28: 0 | J28: 8 | K28: 0 | L28: 81.8 | M28: 0 | N28: 0.337 | O28: 0 | P28: 0.9104 | Q28: 0 | R28: 0.309 | S28: 0 | T28: 1 | U28: 0 | V28: 0 | W28: 0 | X28: 107 | Y28: 0 | Z28: 0 | AA28: 0 | AB28: =IF(AND($F28=1,$G28=1),IF(R28>S28,"V2",IF(S28>R28,"V3","동률")),"비교불가") -> 비교불가 | AC28: =IF(AND($F28=1,$G28=1),IF(T28>U28,"V2",IF(U28>T28,"V3","동률")),"비교불가") -> 비교불가 | AD28: Answer: failed / Consumer Decision: blocked_qa / QA Grade: failed / Publication: blocked / Publication Reason: qa_not_passed / Coverage: writer_empty / RAG Coverage: complete / Answerable: True / Evidence: high_confidence
A29: EBX-Q-028 | B29: 환경 / 전략 (Strategy) / 온실가스 감축 전략 및 탄소중립 목표 | C29: 기후행동 / 온실가스 감축 전략 및 탄소중립 목표 | D29: 최고경영진의 책임 아래 도전적인 목표와 실행계획을 수립하고, 정기적인 점검과 평가를 통해 경영시스템의 실효성을 지속적으로 고도화하고 있습니다. 대웅제약은 탄소중립 실현과 환경영향 최소화를 핵심 전략 방향으로 설정하여 친환경 원자재의 사용을 확대하고, 온실가스 저감과 오염 예방 및 자원순환 활동을 활성화하는 데 주력하고 있습니다. 특히 대기, 수질, 폐기물, 화학물질 등 주요 환경영향 요인을 선제적으로 관리하는 체계를 운영하고 있으며, 친환경 기술혁신과 공정 개선을 통해 제품의 전 과정에서 발생하는 환경영향을 최소화함으로써 탄소중립 실현과 생태계 보전에 앞장서고 있습니다. 에너지 경영 측면에서는 고효율 설비와 제품, 서비스의 도입을 우선적으로 검토하는 원칙을 적용하고 있습니다. 공정이나 설비를 신설하거나 변경하는 과정에서 에너지 효율 향상 요소를 적극적으로 반영함으로써 책임 있는 에너지 경영을 실천하고 있습니다. 이와 더불어 에너지 사용과 소비를 체계적으로 관리하여 에너지 효율 향상과 사용 최적화를 지속적으로 추진하고 있습니다. 구체적인 이행 관리를 위해 에너지 절감량, 비용 절감액, 온실가스 감축 효과를 관리함으로써 전사적인 자원 효율성을 제고하고 기후변화 대응 역량을 강화하고 있습니다. 이러한 체계적인 에너지 관리와 사용 최적화 활동을 통해 온실가스 배출을 줄이고 지속 가능한 경영 기반을 공고히 하고 있습니다. | E29: 대웅제약은 친환경 원자재 사용 확대, 온실가스 저감, 오염 예방 및 자원순환 활동 활성화를 통해 탄소중립 실현과 환경영향 최소화를 추진하고 있습니다. 이를 위해 친환경 기술혁신과 공정 개선을 통해 제품 전 과정의 환경영향을 최소화하며, 에너지 사용 및 소비의 체계적 관리와 고효율 설비 도입, 공정 운영 최적화를 통한 에너지 효율 향상을 지속적으로 추진하고 있습니다. | F29: =IF(LEN(D29)>0,1,0) -> 1 | G29: =IF(LEN(E29)>0,1,0) -> 1 | H29: 688 | I29: 205 | J29: 8 | K29: 2 | L29: 85.1 | M29: 102 | N29: 0.279 | O29: 0.186 | P29: 0.9216 | Q29: 0.9021 | R29: 0.553 | S29: 0.543 | T29: 1 | U29: 0.4 | V29: 13.08 | W29: 14.63 | X29: 0 | Y29: 0 | Z29: 0 | AA29: 0 | AB29: =IF(AND($F29=1,$G29=1),IF(R29>S29,"V2",IF(S29>R29,"V3","동률")),"비교불가") -> V2 | AC29: =IF(AND($F29=1,$G29=1),IF(T29>U29,"V2",IF(U29>T29,"V3","동률")),"비교불가") -> V2 | AD29: Answer: passed / Consumer Decision: answered_partial / QA Grade: partial / Publication: review_required / Publication Reason: missing_expected_facets / Coverage: missing_expected_facets / RAG Coverage: insufficient / Answerable: False / Evidence: insufficient
A30: EBX-Q-029 | B30: 환경 / 거버넌스 (Governance) / 기후변화 대응 조직 및 관리 체계 | C30: 기후행동 / 기후변화 대응 조직 및 관리 체계 | D30: 대웅제약은 기후변화 대응과 환경영향 최소화를 위해 이사회, ESG위원회, 대웅그룹 EHS 경영위원회, EHS 간사협의체로 구성된 환경경영 거버넌스를 운영하고 있습니다. ESG위원회는 전사 ESG 전략과 기후변화 및 탄소배출 등 주요 지속가능경영 이슈를 검토하고 심의하는 역할을 수행합니다. 이와 함께 대웅그룹 EHS 경영위원회는 환경·안전·보건(EHS) 분야의 정책과 목표 및 실행과제를 수립하며, 이에 대한 이행 현황을 점검함으로써 기후변화 대응 체계를 관리하고 있습니다. | E30: 검토 중인 제안 자료상 ESG위원회는 전사 ESG 전략과 기후변화 및 탄소배출 등 주요 지속가능경영 이슈를 검토하고 심의하는 역할을 수행합니다. 또한, 대웅그룹 EHS 경영위원회는 환경 안전 보건(EHS) 분야의 정책, 목표 및 실행과제를 수립하고 이행 현황을 점검하고 있습니다. | F30: =IF(LEN(D30)>0,1,0) -> 1 | G30: =IF(LEN(E30)>0,1,0) -> 1 | H30: 265 | I30: 156 | J30: 3 | K30: 2 | L30: 87.7 | M30: 77.5 | N30: 0.173 | O30: 0.032 | P30: 0.9105 | Q30: 0.9459 | R30: 0.718 | S30: 0.685 | T30: 0.8 | U30: 0.2 | V30: 3.77 | W30: 0 | X30: 0 | Y30: 0 | Z30: 1 | AA30: 0 | AB30: =IF(AND($F30=1,$G30=1),IF(R30>S30,"V2",IF(S30>R30,"V3","동률")),"비교불가") -> V2 | AC30: =IF(AND($F30=1,$G30=1),IF(T30>U30,"V2",IF(U30>T30,"V3","동률")),"비교불가") -> V2 | AD30: Answer: passed / Consumer Decision: answered_partial / QA Grade: cautious / Publication: review_required / Publication Reason: draft_evidence / Coverage: draft_evidence / RAG Coverage: insufficient / Answerable: False / Evidence: insufficient
A31: EBX-Q-030 | B31: 환경 / 위험 관리 (Risk Management) / 기후 리스크 및 기회 관리 | C31: 기후행동 / 기후 리스크 및 기회 관리 | D31: 기후 리스크 및 기회 요인을 물리적 리스크(급성, 만성), 전환 리스크(정책 및 법률, 기술, 시장, 평판), 기회(자원 효율성, 에너지원, 제품 서비스, 시장, 회복탄력성)로 유형화하였으며, 각 요인이 사업 운영과 가치사슬에 미치는 영향을 검토하여 대응 방향과 관리 지표를 연계해 운영하고 있습니다. 특히 기후대응 공시 및 성과 요구 확대에 따른 온실가스 배출량 관리, 감축 성과 달성, 에너지 효율 개선 및 신재생 설비 도입을 위한 투자 부담 증가를 주요 전환 리스크로 식별하였습니다. 리스크 대응 실행력을 강화하기 위해 환경규제, 탄소가격, 공시 요구와 더불어 극한기상 및 평균기온 상승 등 주요 요인에 대한 배출량, 에너지 사용량, 검증 수준, 피해 현황을 지속적으로 모니터링하고 있습니다. 동시에 기후변화 대응을 통한 사업적 기회 창출에도 집중하고 있습니다. 친환경 포장, 저탄소 제조 및 환경영향 저감형 제품에 대한 고객과 공공조달 수요 확대에 대응하여 저탄소 의약품 시장을 확대하고 있으며, 이중소싱과 백업 제조시설 확보, 원료 조달처 다변화를 통해 기후 및 지정학적 요인으로 인한 공급 차질 리스크를 완화하고 사업의 회복탄력성을 강화하고 있습니다. | E31: 환경규제, 탄소가격, 공시 요구, 극한기상, 평균기온 상승 등 주요 요인에 대해 배출량, 에너지 사용량, 검증 수준, 피해 현황 등을 모니터링하며 기후 리스크 대응 실행력을 강화하고 있습니다. | F31: =IF(LEN(D31)>0,1,0) -> 1 | G31: =IF(LEN(E31)>0,1,0) -> 1 | H31: 594 | I31: 107 | J31: 5 | K31: 1 | L31: 118 | M31: 107 | N31: 0.401 | O31: 0 | P31: 0.9385 | Q31: 1 | R31: 0.576 | S31: 0 | T31: 1 | U31: 0.5 | V31: 5.05 | W31: 9.35 | X31: 0 | Y31: 0 | Z31: 0 | AA31: 0 | AB31: =IF(AND($F31=1,$G31=1),IF(R31>S31,"V2",IF(S31>R31,"V3","동률")),"비교불가") -> V2 | AC31: =IF(AND($F31=1,$G31=1),IF(T31>U31,"V2",IF(U31>T31,"V3","동률")),"비교불가") -> V2 | AD31: Answer: passed / Consumer Decision: answered_partial / QA Grade: partial / Publication: review_required / Publication Reason: missing_expected_facets / Coverage: missing_expected_facets / RAG Coverage: partial / Answerable: True / Evidence: thin_but_usable
A32: EBX-Q-031 | B32: 환경 / 지표 (Metrics) / 온실가스 배출량 및 에너지 사용 현황 | C32: 기후행동 / 온실가스 배출량 및 에너지 사용 현황 | D32: 대웅제약은 사업장 내 에너지 사용 효율을 높이고 온실가스 배출량을 체계적으로 관리하여 기후변화 대응 역량을 강화하고 있습니다. 2025년 기준 총 온실가스 배출량(Scope 1+2)은 44,144.431tCO2e를 기록하였으며, 이 중 직접배출(Scope 1)인 LNG 등은 12,771.822tCO2e, 간접배출(Scope 2)인 전력 사용으로 인한 배출량은 31,372.609tCO2e로 집계되었습니다. 에너지 사용 현황을 살펴보면, 2025년 총 에너지 사용량은 916,158.011GJ로 전년 대비 증가하는 추세를 보이고 있습니다. 세부적으로는 간접에너지인 전력이 664,073.68GJ로 가장 큰 비중을 차지하며, 직접에너지인 LNG 사용량은 251,731.763GJ, 경유는 352.568GJ를 사용하였습니다. 매출액 대비 에너지 사용 원단위는 65.863GJ/억원으로 관리되고 있습니다. 에너지 효율 개선을 위한 저감 활동을 통해 실질적인 탄소 배출 감소를 추진하고 있습니다. 2025년 기준 에너지 절감량은 38,352.29GJ를 달성하였으며, 이를 통한 탄소배출 저감량은 1,908.486tCO2e로 확인됩니다. 특히 향남공장에서는 대기방지시설 개선과 고온연수기 정비 등의 설비 최적화를 통해 에너지 소비를 줄이고 배출량을 낮추는 성과를 거두었습니다. | F32: =IF(LEN(D32)>0,1,0) -> 1 | G32: =IF(LEN(E32)>0,1,0) -> 0 | H32: 653 | I32: 0 | J32: 8 | K32: 0 | L32: 80.8 | M32: 0 | N32: 0.409 | O32: 0 | P32: 0.9224 | Q32: 0 | R32: 0.209 | S32: 0 | T32: 1 | U32: 0 | V32: 4.59 | W32: 0 | X32: 95 | Y32: 0 | Z32: 0 | AA32: 0 | AB32: =IF(AND($F32=1,$G32=1),IF(R32>S32,"V2",IF(S32>R32,"V3","동률")),"비교불가") -> 비교불가 | AC32: =IF(AND($F32=1,$G32=1),IF(T32>U32,"V2",IF(U32>T32,"V3","동률")),"비교불가") -> 비교불가 | AD32: Answer: failed / Consumer Decision: blocked_qa / QA Grade: failed / Publication: blocked / Publication Reason: qa_not_passed / Coverage: writer_empty / RAG Coverage: complete / Answerable: True / Evidence: high_confidence
A33: EBX-Q-032 | B33: 환경 / 전략 (Strategy) / 자원순환 및 폐기물 관리 정책 | C33: 자원선순환 / 자원순환 및 폐기물 관리 정책 | D33: 대웅제약은 환경영향 최소화와 자원순환 확대를 목표로 폐기물 관리 및 감축 활동을 지속적으로 추진하고 있습니다. 사업장에서 발생하는 폐기물을 일반 폐기물과 유해(지정) 폐기물로 구분하여 관리하며, 특히 환경오염 가능성이 높은 유해 폐기물은 관련 법규와 내부 규정에 따라 적법하게 처리하고 있습니다. 자원순환성을 높이기 위해 재활용 가능 폐기물 처리 시 재활용 전문업체를 우선적으로 선정하여 지역사회에 미치는 환경영향을 최소화하고 있습니다. 특히 기존에 소각 처리하던 폐합성수지를 열적 재활용(연료화) 방식으로 전환하여 자원 회수율을 제고하였으며, 이러한 방식을 전 그룹사로 확대 적용하고 있습니다. 실행 과제의 일환으로 생명과학연구소에서는 공기조화기 필터를 일반형에서 리필 가능한 리필형으로 교체하여 프레임을 재사용함으로써 구매 비용 절감과 폐기물 발생량 감축을 실현하고 있습니다. 대웅제약은 사업 확대에 따라 폐기물 발생량이 증가하는 추세임에도 불구하고, 재활용량을 더 큰 폭으로 확대함으로써 전체 폐기물 재활용률을 지속적으로 개선하며 순환경제 실현에 기여하고 있습니다. | E33: 대웅제약과 협력회사는 공정 개선, 친환경 요소 모색, 원료 대체, 재활용 및 재사용을 통해 자원과 에너지 사용량 및 폐기물 배출량을 원천적으로 줄이기 위해 노력하고 있습니다. | F33: =IF(LEN(D33)>0,1,0) -> 1 | G33: =IF(LEN(E33)>0,1,0) -> 1 | H33: 543 | I33: 97 | J33: 6 | K33: 1 | L33: 89.7 | M33: 97 | N33: 0.18 | O33: 0 | P33: 0.9387 | Q33: 0.9583 | R33: 0.639 | S33: 0.731 | T33: 0.75 | U33: 0.25 | V33: 5.52 | W33: 10.31 | X33: 0 | Y33: 0 | Z33: 0 | AA33: 0 | AB33: =IF(AND($F33=1,$G33=1),IF(R33>S33,"V2",IF(S33>R33,"V3","동률")),"비교불가") -> V3 | AC33: =IF(AND($F33=1,$G33=1),IF(T33>U33,"V2",IF(U33>T33,"V3","동률")),"비교불가") -> V2 | AD33: Answer: passed / Consumer Decision: answered_partial / QA Grade: partial / Publication: review_required / Publication Reason: missing_expected_facets / Coverage: missing_expected_facets / RAG Coverage: insufficient / Answerable: False / Evidence: insufficient
A34: EBX-Q-033 | B34: 환경 / 거버넌스 (Governance) / 자원순환 관리 조직 및 체계 | C34: 자원선순환 / 자원순환 관리 조직 및 체계 | E34: 검토 중인 제안 자료상 재활용이 가능한 폐기물은 재활용 전문업체를 우선 선정하여 처리함으로써 자원순환성을 높이고 지역사회 환경영향을 최소화하고 있습니다. 사업장에서 발생하는 폐기물을 일반 폐기물과 유해(지정) 폐기물로 구분하여 관리하고 있으며, 환경오염 가능성이 높은 유해 폐기물은 관련 법규와 내부 규정에 따라 적법하게 처리하고 있습니다. 그 결과 대웅그룹 및 대웅제약의 폐기물 발생량은 사업 확대로 증가하고 있으나 재활용량이 더욱 큰 폭으로 증가하면서 전체 폐기물 재활용률이 지속적으로 개선되고 있습니다. | F34: =IF(LEN(D34)>0,1,0) -> 0 | G34: =IF(LEN(E34)>0,1,0) -> 1 | H34: 0 | I34: 284 | J34: 0 | K34: 3 | L34: 0 | M34: 94 | N34: 0 | O34: 0.083 | P34: 0 | Q34: 0.947 | R34: 0 | S34: 0.956 | T34: 0 | U34: 0.5 | V34: 0 | W34: 3.52 | X34: 0 | Y34: 0 | Z34: 1 | AA34: 0 | AB34: =IF(AND($F34=1,$G34=1),IF(R34>S34,"V2",IF(S34>R34,"V3","동률")),"비교불가") -> 비교불가 | AC34: =IF(AND($F34=1,$G34=1),IF(T34>U34,"V2",IF(U34>T34,"V3","동률")),"비교불가") -> 비교불가 | AD34: Answer: passed / Consumer Decision: answered_partial / QA Grade: cautious / Publication: review_required / Publication Reason: draft_evidence / Coverage: draft_evidence / RAG Coverage: insufficient / Answerable: False / Evidence: insufficient
A35: EBX-Q-034 | B35: 환경 / 위험 관리 (Risk Management) / 폐기물 및 자원 리스크 관리 | C35: 자원선순환 / 폐기물 및 자원 리스크 관리 | D35: 대웅제약은 비즈니스 운영과 제품 및 서비스 전 과정에서 발생할 수 있는 부정적인 환경 영향을 정기적으로 식별하고 평가함으로써 자원 및 폐기물 관련 리스크를 체계적으로 관리하고 있습니다. 특히 폐기물 관리 및 자원 재활용을 비롯하여 탄소 배출 저감, 재생에너지 전환, 수자원 관리, 생물다양성 보호 등 환경권 보호를 위한 구체적이고 측정 가능하며 달성 가능한 정책과 목표를 수립하고 이를 지속적으로 모니터링하는 체계를 갖추고 있습니다. 리스크의 선제적 예방과 완화를 위해 사업장 내 환경 리스크를 사전에 파악하고 이에 따른 실질적인 개선 활동을 수행하고 있으며, 투자의사결정 과정에서도 환경적 위험 요소와 기회 요인을 면밀히 검토하여 경영 활동에 반영하고 있습니다. 또한 환경 문제에 대한 예방적 접근 방식을 지지하며, 환경친화적인 기술 개발과 확산을 촉진함으로써 자원 순환 효율성을 높이고 환경 부하를 줄이는 데 주력하고 있습니다. 전사적인 환경 경영 역량을 강화하기 위해 모든 임직원을 대상으로 정기적인 환경 관련 교육을 제공하여 리스크 관리 인식을 제고하고 있습니다. 이와 더불어 아동, 노인, 소수자 등 취약계층의 환경권 존중을 위한 특별한 절차와 보호 조치를 마련하여 운영함으로써 사회적 책임과 환경적 가치를 동시에 실현하고 있습니다. | E35: 외부 평가 자료상 대웅제약은 비즈니스 운영, 제품 또는 서비스와 관련된 부정적인 환경 영향을 정기적으로 식별하고 평가하고 있습니다. 또한 폐기물 관리 및 자원 재활용 등을 포함하여 환경 및 환경권 보호를 위한 구체적이고 측정 가능하며 달성 가능한 정책과 목표를 수립하고 이를 모니터링하고 있습니다. | F35: =IF(LEN(D35)>0,1,0) -> 1 | G35: =IF(LEN(E35)>0,1,0) -> 1 | H35: 639 | I35: 166 | J35: 6 | K35: 2 | L35: 105.7 | M35: 82.5 | N35: 0.199 | O35: 0.115 | P35: 0.9444 | Q35: 0.9375 | R35: 0.348 | S35: 0.615 | T35: 1 | U35: 0.75 | V35: 4.69 | W35: 0 | X35: 0 | Y35: 0 | Z35: 1 | AA35: 0 | AB35: =IF(AND($F35=1,$G35=1),IF(R35>S35,"V2",IF(S35>R35,"V3","동률")),"비교불가") -> V3 | AC35: =IF(AND($F35=1,$G35=1),IF(T35>U35,"V2",IF(U35>T35,"V3","동률")),"비교불가") -> V2 | AD35: Answer: passed / Consumer Decision: answered_partial / QA Grade: cautious / Publication: review_required / Publication Reason: draft_evidence / Coverage: draft_evidence / RAG Coverage: complete / Answerable: True / Evidence: medium_confidence
A36: EBX-Q-035 | B36: 환경 / 지표 (Metrics) / 폐기물 발생 및 재활용 현황 | C36: 자원선순환 / 폐기물 발생 및 재활용 현황 | D36: 대웅제약은 폐기물 감축 및 재활용 활동을 지속적으로 추진하여 자원순환 성과를 제고하고 있습니다. 2025년 기준 대웅제약의 폐기물 재활용량은 2,026.154톤을 기록하였으며, 여기에는 일반폐기물 재활용량 749.0톤과 유해(지정)폐기물 재활용량 803.0톤이 포함됩니다. 특히 전 그룹사 차원에서 기존에 소각 처리하던 폐합성수지를 재활용으로 전환하는 활동을 전개함으로써 전체적인 폐기물 재활용률을 매년 개선하고 있습니다. 자원순환 관리의 정확성을 높이기 위해 보고 적용 범위를 체계적으로 조정하여 운영하고 있습니다. 2022년부터 2023년까지는 대웅제약, 대웅바이오, 한올바이오파마, 대웅인피온 등을 포함하였으나, 2024년부터는 대웅제약과 대웅바이오의 국내 사업장을 적용 범위로 설정하여 폐기물 배출 현황을 보다 정밀하게 관리하고 있습니다. 또한 2022년 집계 시 요금고지서의 청구월 기준이었던 데이터를 실제 사용기간 기준으로 변경하고, 화학물질 재사용에 따른 발생량을 추가로 적용하는 등 데이터 산출 방식을 고도화하여 지표의 신뢰성을 확보하였습니다. 대웅그룹 전체 관점에서도 자원순환 성과가 확대되는 추세입니다. 2025년 기준 그룹 통합 재활용량은 12,016.434586톤을 달성하였습니다. 대웅제약은 폐기물 발생량이 증가하는 상황 속에서도 재활용량을 상대적으로 더 높게 확대함으로써 환경 영향을 최소화하고 자원 효율성을 극대화하는 순환경제 체계를 강화하고 있습니다. | E36: 생명과학연구소에서는 공기조화기 필터를 리필형으로 교체하여 프레임을 재사용함으로써 구매 비용과 폐기물 발생량을 줄이고 있습니다. 또한, 전 그룹사에서 소각하던 폐합성수지를 재활용함으로써 전체 폐기물 재활용률을 매년 개선하고 있습니다. | F36: =IF(LEN(D36)>0,1,0) -> 1 | G36: =IF(LEN(E36)>0,1,0) -> 1 | H36: 716 | I36: 129 | J36: 9 | K36: 2 | L36: 78.7 | M36: 64 | N36: 0.405 | O36: 0.094 | P36: 0.9682 | Q36: 0.92 | R36: 0.354 | S36: 0.705 | T36: 1 | U36: 0.75 | V36: 8.38 | W36: 0 | X36: 50 | Y36: 0 | Z36: 0 | AA36: 0 | AB36: =IF(AND($F36=1,$G36=1),IF(R36>S36,"V2",IF(S36>R36,"V3","동률")),"비교불가") -> V3 | AC36: =IF(AND($F36=1,$G36=1),IF(T36>U36,"V2",IF(U36>T36,"V3","동률")),"비교불가") -> V2 | AD36: Answer: passed / Consumer Decision: answered / QA Grade: full / Publication: published / Publication Reason: complete_grounded_answer / Coverage: complete_grounded_answer / RAG Coverage: complete / Answerable: True / Evidence: high_confidence
A37: EBX-Q-036 | B37: 환경 / 전략 (Strategy) / 수자원 관리 정책 및 목표 | C37: 물 관리 / 수자원 관리 정책 및 목표 | D37: 대웅제약은 지속가능한 수자원 사용을 실현하기 위해 수질 보호, 용수 재사용, 물 절약 기술 도입을 포괄하는 전사적인 수자원 관리 체계를 구축하여 운영하고 있습니다. 특히 용수 사용량을 실시간으로 추적하는 체계적인 모니터링 시스템을 통해 용수 사용의 효율성을 높이고 수자원을 전략적으로 관리하고 있습니다. 수자원 효율성 향상과 용수 사용량 절감을 위한 구체적인 실행 방안으로 사업장 내 절수 설비 운영을 강화하고 하수 재이용수 활용 범위를 확대하는 등 환경 영향 저감 활동을 지속적으로 추진하고 있습니다. | E37: 검토 중인 제안 자료상 용수 사용량을 실시간으로 추적하는 체계적인 모니터링을 통해 효율적으로 수자원을 관리하고 있으며, 용수 사용량 절감과 수자원 효율성 향상을 위해 절수 설비 운영 및 재이용수 활용을 확대하고 있습니다. | F37: =IF(LEN(D37)>0,1,0) -> 1 | G37: =IF(LEN(E37)>0,1,0) -> 1 | H37: 281 | I37: 123 | J37: 3 | K37: 1 | L37: 93 | M37: 123 | N37: 0.15 | O37: 0 | P37: 0.9121 | Q37: 0.9667 | R37: 0.426 | S37: 0.759 | T37: 0.5 | U37: 0.5 | V37: 14.23 | W37: 0 | X37: 0 | Y37: 0 | Z37: 1 | AA37: 0 | AB37: =IF(AND($F37=1,$G37=1),IF(R37>S37,"V2",IF(S37>R37,"V3","동률")),"비교불가") -> V3 | AC37: =IF(AND($F37=1,$G37=1),IF(T37>U37,"V2",IF(U37>T37,"V3","동률")),"비교불가") -> 동률 | AD37: Answer: passed / Consumer Decision: answered_partial / QA Grade: cautious / Publication: review_required / Publication Reason: draft_evidence / Coverage: draft_evidence / RAG Coverage: insufficient / Answerable: False / Evidence: insufficient
A38: EBX-Q-037 | B38: 환경 / 거버넌스 (Governance) / 물 관리 조직 및 체계 | C38: 물 관리 / 물 관리 조직 및 체계 | F38: =IF(LEN(D38)>0,1,0) -> 0 | G38: =IF(LEN(E38)>0,1,0) -> 0 | H38: 0 | I38: 0 | J38: 0 | K38: 0 | L38: 0 | M38: 0 | N38: 0 | O38: 0 | P38: 0 | Q38: 0 | R38: 0 | S38: 0 | T38: 0 | U38: 0 | V38: 0 | W38: 0 | X38: 0 | Y38: 0 | Z38: 0 | AA38: 0 | AB38: =IF(AND($F38=1,$G38=1),IF(R38>S38,"V2",IF(S38>R38,"V3","동률")),"비교불가") -> 비교불가 | AC38: =IF(AND($F38=1,$G38=1),IF(T38>U38,"V2",IF(U38>T38,"V3","동률")),"비교불가") -> 비교불가 | AD38: Answer: empty / Consumer Decision: blocked_api_status / QA Grade: failed / Publication: blocked / Publication Reason: unaccepted_answer_status / Coverage: empty_evidence / RAG Coverage: no_evidence / Answerable: False / Evidence: no_evidence
A39: EBX-Q-038 | B39: 환경 / 위험 관리 (Risk Management) / 수자원 및 수질 리스크 관리 | C39: 물 관리 / 수자원 및 수질 리스크 관리 | D39: 대웅제약은 ENCORE 분석을 활용하여 제약·바이오 산업의 특성을 반영한 수자원 및 수질 리스크를 체계적으로 식별하고 관리하고 있습니다. 자연 의존성 평가 결과, 수질 정화에 대한 의존도가 매우 높은 것으로 나타났으며, 특히 물 공급과 수류 조절에 대한 의존도 또한 높게 평가되었습니다. 이는 대웅제약의 핵심 활동인 연구개발과 제조 공정이 안정적인 수자원 공급 및 양호한 수질 상태와 밀접하게 연계되어 있음을 시사합니다. 동시에 자연 영향 평가를 통해 사업 활동이 환경에 미치는 영향을 분석한 결과, 물 사용량뿐만 아니라 수계 및 토양으로 배출되는 유독성 오염물질과 영양염류 배출이 환경에 중간 수준의 영향을 미칠 수 있는 것으로 확인되었습니다. 대웅제약은 이러한 평가 결과를 바탕으로 수자원과 생물자원 관련 의존성을 주요 관리 영역으로 설정하였습니다. 이를 통해 각 사업장별 물 사용 현황을 면밀히 살피고, 원료 조달 과정에서 발생할 수 있는 자연자본 리스크를 지속적으로 검토함으로써 수자원 리스크에 선제적으로 대응하고 수질 영향을 최소화하기 위한 관리 체계를 강화할 계획입니다. | E39: 검토 중인 제안 자료상 대웅제약은 ENCORE 분석을 통해 제약 바이오 산업이 수질 정화, 물 공급, 수류 조절에 대한 의존도가 높으며, 물 사용량 및 수계로의 유독성 영양염류 오염물질 배출이 중간 수준의 영향을 미칠 수 있음을 확인하였습니다. 이를 바탕으로 수자원과 생물자원 관련 의존성을 주요 관리 영역으로 설정하고, 사업장별 물 사용과 원료 조달 과정에서 발생할 수 있는 자연자본 리스크를 지속적으로 검토할 계획입니다. | F39: =IF(LEN(D39)>0,1,0) -> 1 | G39: =IF(LEN(E39)>0,1,0) -> 1 | H39: 549 | I39: 237 | J39: 6 | K39: 2 | L39: 90.7 | M39: 118 | N39: 0.287 | O39: 0.153 | P39: 0.9628 | Q39: 0.9575 | R39: 0.418 | S39: 0.712 | T39: 1 | U39: 1 | V39: 5.46 | W39: 8.44 | X39: 0 | Y39: 0 | Z39: 1 | AA39: 0 | AB39: =IF(AND($F39=1,$G39=1),IF(R39>S39,"V2",IF(S39>R39,"V3","동률")),"비교불가") -> V3 | AC39: =IF(AND($F39=1,$G39=1),IF(T39>U39,"V2",IF(U39>T39,"V3","동률")),"비교불가") -> 동률 | AD39: Answer: passed / Consumer Decision: answered_partial / QA Grade: cautious / Publication: review_required / Publication Reason: draft_evidence / Coverage: draft_evidence / RAG Coverage: insufficient / Answerable: False / Evidence: insufficient
A40: EBX-Q-039 | B40: 환경 / 지표 (Metrics) / 용수 사용 및 폐수 배출 현황 | C40: 물 관리 / 용수 사용 및 폐수 배출 현황 | D40: 대웅제약은 사업장 내 수자원 효율성을 제고하기 위해 용수 취수 및 사용 현황을 체계적으로 관리하고 있습니다. 2025년 기준 대웅제약의 전체 취수량은 437,102톤을 기록하였으며, 세부적으로는 공업용수 220,217톤과 생활용수 157,598톤을 사용하였습니다. 특히 하수재이용수 사용량을 59,287톤까지 확대하며 수자원 재활용을 통한 환경 부하 저감에 주력하고 있습니다. 용수 재이용률은 2025년 기준 0.1356%로 집계되었으며, 이는 2023년 0.0577%, 2024년 0.1023%에 이어 지속적인 상승 추세를 보이고 있습니다. 매출액 기준 물사용 원단위는 2025년 31.42톤/억원으로, 전년도 31.63톤/억원 대비 소폭 감소하며 효율적인 용수 관리 성과를 나타냈습니다. 한편, 대웅그룹 전체 관점에서의 취수량은 2025년 691,602톤으로 집계되었으며, 이 중 공업용수 459,107톤, 생활용수 166,687톤, 하수재이용수 64,370톤 및 지하수 1,438톤이 포함되었습니다. 대웅제약은 용수 재사용량을 전체 용수 사용량으로 나누어 재이용률을 산출하는 기준을 적용하여 수자원 관리 지표를 투명하게 공개하고 있습니다. | E40: 2022년 집계 시 요금고지서의 청구월 기준에서 실제 사용기간 기준으로 데이터 산정 방식이 변경되어 사용량의 차이가 발생하였습니다. 보고서의 적용범위는 2022년부터 2023년까지는 (주)대웅제약, 대웅바이오(주), 한올바이오파마, 대웅인피온 등이 포함되었으나, 2024년부터는 (주)대웅제약 국내사업장과 대웅바이오(주) 국내사업장으로 변경되었습니다. | F40: =IF(LEN(D40)>0,1,0) -> 1 | G40: =IF(LEN(E40)>0,1,0) -> 1 | H40: 584 | I40: 196 | J40: 7 | K40: 2 | L40: 82.6 | M40: 97.5 | N40: 0.224 | O40: 0.251 | P40: 0.9261 | Q40: 0.8611 | R40: 0.193 | S40: 0.551 | T40: 0.6 | U40: 0.2 | V40: 1.71 | W40: 0 | X40: 97 | Y40: 16 | Z40: 0 | AA40: 0 | AB40: =IF(AND($F40=1,$G40=1),IF(R40>S40,"V2",IF(S40>R40,"V3","동률")),"비교불가") -> V3 | AC40: =IF(AND($F40=1,$G40=1),IF(T40>U40,"V2",IF(U40>T40,"V3","동률")),"비교불가") -> V2 | AD40: Answer: passed / Consumer Decision: answered / QA Grade: full / Publication: published / Publication Reason: complete_grounded_answer / Coverage: complete_grounded_answer / RAG Coverage: partial / Answerable: True / Evidence: medium_confidence
A41: EBX-Q-040 | B41: 환경 / 전략 (Strategy) / 생물다양성 보전 정책 및 목표 | C41: 생물다양성 / 생물다양성 보전 정책 및 목표 | D41: 대웅제약은 지속가능한 성장과 환경 보호의 핵심 가치로서 생물다양성 보전의 중요성을 깊이 인식하고, 이를 실현하기 위한 경영활동을 체계적으로 추진하고 있습니다. 중장기적으로는 생물다양성의 저해와 손실이 없는 사업 운영을 지향하며, 기업의 모든 사업 활동 전반에서 자연자본과 생태계에 미치는 부정적 영향을 최소화하는 것을 전략적 목표로 설정하고 있습니다. 이러한 목표를 달성하기 위해 대웅제약은 사업 운영의 전 과정에서 생물다양성에 미치는 영향을 면밀히 검토하고, 도출된 보호방안을 실제 의사결정 과정에 실질적으로 반영하는 관리 체계를 구축하여 운영하고 있습니다. 특히 신규 사업장의 설립이나 기존 설비의 증설과 같이 생물다양성에 직접적인 영향을 미칠 가능성이 있는 사업 활동을 추진할 경우, 해당 사업장 인근 지역의 생태적 특성과 지역사회의 자연환경 조건을 종합적으로 고려하여 최적의 생물다양성 보호방안을 수립하고 실행하고 있습니다. 또한, 대외적으로는 기업과 생물다양성 플랫폼인 BNBP에 적극적으로 참여하여 글로벌 생물다양성 보전 관련 정책 동향과 국제 기준, 그리고 타 기업의 우수사례 등 최신 논의사항을 공유하며 전문성을 강화하고 있습니다. 대웅제약은 BNBP 참여를 통해 축적한 외부의 다양한 논의 결과와 협력 기회를 내부 자연자본 관리 체계에 유기적으로 반영함으로써 관리 수준을 지속적으로 고도화하고 있으며, 앞으로도 사업장 주변의 생태환경을 세심하게 고려한 보호활동을 지속적으로 전개하여 자연자본 보전에 기여할 계획입니다. | E41: 검토 중인 제안 자료상 대웅제약은 중장기적으로 생물다양성의 저해와 손실이 없는 사업 운영을 지향하며, 사업 활동 전반에서 자연자본과 생태계에 미치는 영향을 최소화하는 것을 목표로 하고 있습니다. 이를 위해 사업 운영 과정에서 생물다양성 영향을 검토하여 의사결정에 반영하고 있으며, 특히 신규 사업장 설립이나 기존 설비 증설 시 인근 지역 및 지역사회의 자연환경 특성을 고려한 보호방안을 마련하고 있습니다. 또한, 기업과 생물다양성 플랫폼인 BNBP에 참여하여 정책 동향 및 국제 기준을 공유함으로써 생물다양성 보전 활동의 실행력을 높이고 이를 자연자본 관리 체계에 반영하고 있습니다. | F41: =IF(LEN(D41)>0,1,0) -> 1 | G41: =IF(LEN(E41)>0,1,0) -> 1 | H41: 746 | I41: 326 | J41: 6 | K41: 3 | L41: 123.5 | M41: 108 | N41: 0.201 | O41: 0.068 | P41: 0.9476 | Q41: 0.9362 | R41: 0.389 | S41: 0.688 | T41: 1 | U41: 1 | V41: 12.06 | W41: 0 | X41: 0 | Y41: 0 | Z41: 1 | AA41: 0 | AB41: =IF(AND($F41=1,$G41=1),IF(R41>S41,"V2",IF(S41>R41,"V3","동률")),"비교불가") -> V3 | AC41: =IF(AND($F41=1,$G41=1),IF(T41>U41,"V2",IF(U41>T41,"V3","동률")),"비교불가") -> 동률 | AD41: Answer: passed / Consumer Decision: answered_partial / QA Grade: cautious / Publication: review_required / Publication Reason: draft_evidence / Coverage: draft_evidence / RAG Coverage: insufficient / Answerable: False / Evidence: insufficient
A42: EBX-Q-041 | B42: 환경 / 거버넌스 (Governance) / 생물다양성 관리 조직 및 체계 | C42: 생물다양성 / 생물다양성 관리 조직 및 체계 | D42: EHS 위원회는 대웅제약의 생물다양성 관리 및 의사결정을 주도하는 핵심 기구로서, 전사 환경안전 관리 체계 내에서 관련 이슈를 검토하고 있습니다. 상반기 EHS 위원회는 전년도 생물다양성 정책 논의 내용을 이사회에 보고하여 경영진의 감독을 강화하였으며, 하반기에는 정기적인 생물다양성 보호활동 계획을 수립하여 실행력을 확보하였습니다. 실무 차원에서는 각 사업장이 자연자본 현황, 생물다양성 평가 결과, 보호활동 이행 현황 등의 데이터를 취합하고, EHS 실무협의체가 이를 바탕으로 자연 의존성과 영향 및 리스크를 검토하여 개선 필요사항을 도출하는 체계를 운영하고 있습니다. 대웅제약은 이러한 조직적 구조를 통해 생물다양성 정책과 보호활동이 경영 의사결정 체계 내에서 유기적으로 논의되고 실행될 수 있는 관리 기반을 구축하였습니다. | E42: 검토 중인 제안 자료상 대웅제약은 전사 환경안전 관리 체계 내에서 생물다양성 관련 이슈를 검토하고 있습니다. EHS 위원회는 생물다양성 정책 논의 내용을 이사회에 보고하고 정기적인 생물다양성 보호활동 계획을 수립함으로써, 관련 정책과 활동이 경영 의사결정 체계 내에서 논의되고 실행될 수 있는 관리 기반을 구축하였습니다. | F42: =IF(LEN(D42)>0,1,0) -> 1 | G42: =IF(LEN(E42)>0,1,0) -> 1 | H42: 408 | I42: 179 | J42: 4 | K42: 2 | L42: 101.2 | M42: 89 | N42: 0.199 | O42: 0.326 | P42: 0.9332 | Q42: 0.85 | R42: 0.529 | S42: 0.659 | T42: 1 | U42: 0.75 | V42: 4.9 | W42: 0 | X42: 0 | Y42: 0 | Z42: 1 | AA42: 0 | AB42: =IF(AND($F42=1,$G42=1),IF(R42>S42,"V2",IF(S42>R42,"V3","동률")),"비교불가") -> V3 | AC42: =IF(AND($F42=1,$G42=1),IF(T42>U42,"V2",IF(U42>T42,"V3","동률")),"비교불가") -> V2 | AD42: Answer: passed / Consumer Decision: answered_partial / QA Grade: cautious / Publication: review_required / Publication Reason: draft_evidence / Coverage: draft_evidence / RAG Coverage: insufficient / Answerable: False / Evidence: insufficient
A43: EBX-Q-042 | B43: 환경 / 위험 관리 (Risk Management) / 생물다양성 영향 및 리스크 관리 | C43: 생물다양성 / 생물다양성 영향 및 리스크 관리 | D43: 대웅제약은 자연자본과 생물다양성에 관한 의존성, 영향 및 리스크를 체계적으로 식별하기 위해 TNFD의 LEAP 접근법을 참고한 평가 절차를 수립하여 운영하고 있습니다. 제약·바이오 산업의 특성을 고려하여 R&D, 원료 조달, 제조, 포장, 유통, 제품 사용 및 폐의약품 처리 등 가치사슬 전반에서 자연과의 접점을 검토하며, 특히 국내 주요 사업장을 중심으로 관리 우선순위를 도출하고 있습니다. 리스크 식별 및 평가를 위해 Locate, Evaluate, Assess, Prepare의 단계적 프로세스를 적용합니다. 우선 사업장 위치 정보를 기반으로 IBAT를 활용하여 인근 보호지역, 생물다양성 중요지역, 주요 종 분포지역 및 물 스트레스 지역과의 연계 가능성을 확인하고 주변 생태계에 미칠 수 있는 잠재적 영향을 분석합니다. 이어 ENCORE를 통해 생태계 서비스에 대한 의존성과 영향을 검토하며, WWF BRF와 WRI Water Risk를 기반으로 리스크 평가를 수행합니다. 이러한 분석 과정을 통해 생물다양성 관련 잠재 리스크를 식별하고 우선 관리가 필요한 지역과 활동을 파악하고 있습니다. 최종적으로 SBTN AR3T Framework를 기반으로 대응 방향과 관리 계획을 수립함으로써 사업 활동이 자연자본에 미치는 영향을 최소화하고 생태계 리스크를 체계적으로 관리하고 있습니다. | E43: 검토 중인 제안 자료상 대웅제약은 TNFD의 LEAP 접근법을 참고하여 자연자본과 생물다양성 관련 의존성, 영향, 리스크를 체계적으로 식별하기 위한 평가 절차를 수립하였습니다. R&D, 원료 조달, 제조, 포장, 유통, 제품 사용 및 폐의약품 처리 등 가치사슬 전반에서 자연과의 접점을 검토하며, IBAT를 활용해 사업장 인근 보호지역, 생물다양성 중요지역, 주요 종 분포지역, 물 스트레스 지역과의 연계 가능성을 분석하여 잠재 리스크를 식별합니다. 또한 ENCORE 기반의 생태계 서비스 의존성 및 영향 검토, WWF BRF와 WRI Water Risk 기반의 리스크 평가를 수행하며, 분석 결과를 바탕으로 SBTN AR3T Framework에 따라 대응 방향과 관리 계획을 체계화하고 있습니다. | F43: =IF(LEN(D43)>0,1,0) -> 1 | G43: =IF(LEN(E43)>0,1,0) -> 1 | H43: 664 | I43: 390 | J43: 7 | K43: 3 | L43: 94 | M43: 129.3 | N43: 0.231 | O43: 0.177 | P43: 0.969 | Q43: 0.9855 | R43: 0.613 | S43: 0.729 | T43: 1 | U43: 1 | V43: 4.52 | W43: 5.13 | X43: 1 | Y43: 1 | Z43: 1 | AA43: 0 | AB43: =IF(AND($F43=1,$G43=1),IF(R43>S43,"V2",IF(S43>R43,"V3","동률")),"비교불가") -> V3 | AC43: =IF(AND($F43=1,$G43=1),IF(T43>U43,"V2",IF(U43>T43,"V3","동률")),"비교불가") -> 동률 | AD43: Answer: passed / Consumer Decision: answered_partial / QA Grade: cautious / Publication: review_required / Publication Reason: draft_evidence / Coverage: draft_evidence / RAG Coverage: insufficient / Answerable: False / Evidence: insufficient
A44: EBX-Q-043 | B44: 환경 / 지표 (Metrics) / 생물다양성 보전 활동 현황 | C44: 생물다양성 / 생물다양성 보전 활동 현황 | D44: 대웅제약은 중장기적으로 생물다양성의 저해와 손실이 없는 사업 운영을 지향하며, 모든 사업 활동 전반에서 자연자본과 생태계에 미치는 영향을 최소화하는 것을 목표로 하고 있습니다. 이를 위해 사업 운영 과정에서 생물다양성에 미치는 영향을 면밀히 검토하고, 도출된 보호방안을 실제 의사결정 과정에 반영하여 관리하고 있습니다. 특히 신규 사업장 설립이나 기존 설비 증설과 같이 생물다양성에 직접적인 영향을 미칠 수 있는 사업 활동을 추진할 때는 사업장 인근 지역 및 지역사회의 자연환경 특성을 종합적으로 고려하여 최적의 보호방안을 마련하고 있습니다. 또한 기업과 생물다양성 플랫폼인 BNBP에 참여하여 생물다양성 보전 관련 정책 동향과 국제 기준, 기업 우수사례 등을 공유하며 대외적인 협력 체계를 구축하고 있습니다. 대웅제약은 BNBP 참여를 통해 축적한 외부 논의와 협력 기회를 내부 자연자본 관리 체계에 적극적으로 반영하고, 사업장 주변의 생태환경을 고려한 보호활동을 지속적으로 추진할 계획입니다. | F44: =IF(LEN(D44)>0,1,0) -> 1 | G44: =IF(LEN(E44)>0,1,0) -> 0 | H44: 501 | I44: 0 | J44: 5 | K44: 0 | L44: 99.4 | M44: 0 | N44: 0.148 | O44: 0 | P44: 0.9256 | Q44: 0 | R44: 0.622 | S44: 0 | T44: 0.75 | U44: 0 | V44: 3.99 | W44: 0 | X44: 0 | Y44: 0 | Z44: 0 | AA44: 0 | AB44: =IF(AND($F44=1,$G44=1),IF(R44>S44,"V2",IF(S44>R44,"V3","동률")),"비교불가") -> 비교불가 | AC44: =IF(AND($F44=1,$G44=1),IF(T44>U44,"V2",IF(U44>T44,"V3","동률")),"비교불가") -> 비교불가 | AD44: Answer: failed / Consumer Decision: blocked_api_status / QA Grade: failed / Publication: blocked / Publication Reason: qa_not_passed / Coverage: writer_empty / RAG Coverage: insufficient / Answerable: False / Evidence: insufficient
A45: EBX-Q-044 | B45: 환경 / 전략 (Strategy) / 오염물질 및 배출 관리 정책 | C45: 오염 및 배출 관리 / 오염물질 및 배출 관리 정책 | D45: 대웅제약은 ENCORE 분석을 통한 자연 영향 평가를 실시하여 제약·바이오 산업이 대기오염물질 배출, 온실가스 배출, 고형폐기물 발생 및 배출, 수계와 토양으로의 유독성 오염물질 및 영양염류 배출, 소음과 빛 등 교란 요인, 물 사용량 측면에서 중간 수준의 영향을 미칠 수 있음을 확인하였습니다. 이러한 분석 결과를 바탕으로 제조 및 연구개발 과정에서 발생하는 물 사용, 폐수, 폐기물, 화학물질, 대기오염물질을 기업의 주요 자연 영향 요인으로 인식하고 이를 체계적으로 관리하는 정책을 추진하고 있습니다. 대기오염물질 관리의 경우, 모든 배출 항목을 법적 허용기준 이내로 꾸준하게 관리하고 있습니다. 특히 배출총량 중 증가세를 보인 질소산화물에 대해서는 2023년 별도의 개선계획을 수립하였으며, 이를 바탕으로 배출 저감을 위한 실행 과제들을 추진하고 있습니다. 수질오염물질 또한 법적 허용기준을 엄격히 준수하며 관리하고 있으며, 2021년부터 배출총량이 개선되는 추세를 보였으며 2023년에도 매출 대비 배출량 수준을 안정적으로 유지하는 성과를 거두었습니다. 향후 대웅제약은 각 사업장에서 발생하는 환경 데이터를 정밀하게 분석하여 자연 영향의 발생 원인과 규모를 구체적으로 파악할 예정입니다. 이를 통해 수자원 효율화, 폐수 및 오염물질 관리, 폐기물 저감 등 자연자본에 미치는 부정적 영향을 최소화하기 위한 완화 활동을 더욱 강화함으로써 환경 책임 경영을 실현해 나갈 계획입니다. | E45: 대웅제약은 대기 및 수질 오염물질을 법적 허용기준 이내로 관리하고 있습니다. 대기 오염물질의 경우, 질소산화물(NOx) 증가에 따라 2023년 개선계획을 수립하여 실행할 예정이며, 수질 오염물질 배출량은 2021년부터 개선되어 2023년에도 매출 대비 배출 수준을 유지하고 있습니다. 검토 중인 제안 자료상 또한, 제조 및 연구개발 과정에서 발생하는 폐수, 화학물질, 대기오염물질을 주요 자연 영향 요인으로 인식하고 있으며, 향후 사업장별 환경 데이터를 기반으로 오염물질 관리 등 자연자본 영향 완화 활동을 강화할 계획입니다. | F45: =IF(LEN(D45)>0,1,0) -> 1 | G45: =IF(LEN(E45)>0,1,0) -> 1 | H45: 718 | I45: 294 | J45: 7 | K45: 3 | L45: 101.7 | M45: 97.3 | N45: 0.325 | O45: 0.411 | P45: 0.9569 | Q45: 0.975 | R45: 0.414 | S45: 0.607 | T45: 1 | U45: 0.75 | V45: 6.96 | W45: 0 | X45: 12 | Y45: 12 | Z45: 1 | AA45: 1 | AB45: =IF(AND($F45=1,$G45=1),IF(R45>S45,"V2",IF(S45>R45,"V3","동률")),"비교불가") -> V3 | AC45: =IF(AND($F45=1,$G45=1),IF(T45>U45,"V2",IF(U45>T45,"V3","동률")),"비교불가") -> V2 | AD45: Answer: passed / Consumer Decision: answered_partial / QA Grade: cautious / Publication: review_required / Publication Reason: draft_evidence / Coverage: draft_evidence / RAG Coverage: partial / Answerable: True / Evidence: medium_confidence
A46: EBX-Q-045 | B46: 환경 / 거버넌스 (Governance) / 오염 배출 관리 조직 및 체계 | C46: 오염 및 배출 관리 / 오염 배출 관리 조직 및 체계 | D46: 대웅제약은 탄소배출량 및 오염물질 저감, 안전사고 예방 등의 경영활동을 통해 기후변화에 적극적으로 대응하고 있습니다. 이를 통해 안전하고 쾌적한 근로환경을 조성함으로써 신뢰받는 환경 안전보건 경영을 실현하고자 합니다. | E46: 검토 중인 제안 자료상 (주)대웅은 ESG 위원회를 신설하여 환경, 사회, 지배구조의 세 가지 축으로 대표 담당자를 지정해 대응하고 있으며, 환경 분야에서는 기후변화, 탄소배출 및 환경오염 관리를 담당하고 있습니다. | F46: =IF(LEN(D46)>0,1,0) -> 1 | G46: =IF(LEN(E46)>0,1,0) -> 1 | H46: 121 | I46: 120 | J46: 2 | K46: 1 | L46: 60 | M46: 120 | N46: 0.083 | O46: 0 | P46: 0.9615 | Q46: 0.9655 | R46: 0.644 | S46: 0.494 | T46: 0.4 | U46: 0.6 | V46: 8.26 | W46: 0 | X46: 0 | Y46: 0 | Z46: 1 | AA46: 0 | AB46: =IF(AND($F46=1,$G46=1),IF(R46>S46,"V2",IF(S46>R46,"V3","동률")),"비교불가") -> V2 | AC46: =IF(AND($F46=1,$G46=1),IF(T46>U46,"V2",IF(U46>T46,"V3","동률")),"비교불가") -> V3 | AD46: Answer: passed / Consumer Decision: answered_partial / QA Grade: cautious / Publication: review_required / Publication Reason: draft_evidence / Coverage: draft_evidence / RAG Coverage: insufficient / Answerable: False / Evidence: insufficient
A47: EBX-Q-046 | B47: 환경 / 위험 관리 (Risk Management) / 오염물질 배출 리스크 관리 | C47: 오염 및 배출 관리 / 오염물질 배출 리스크 관리 | D47: 대웅제약은 환경 법령 및 배출·오염물질 관리 기준이 강화됨에 따라 제조시설의 환경관리 수준을 제고해야 하는 정책 및 법률적 전환리스크를 주요 위험 요인으로 식별하여 관리하고 있습니다. 이러한 리스크에 대응하기 위해 2024년부터는 대웅제약과 대웅바이오의 국내사업장을 적용 범위로 설정하여 오염물질 배출 리스크를 보다 집중적으로 관리하는 체계를 운영하고 있습니다. 대기 오염물질 관리 측면에서는 모든 배출 항목을 법적 허용기준 이내로 꾸준하게 유지하며 리스크를 통제하고 있습니다. 특히 배출총량 분석 과정에서 질소산화물의 증가 추세를 확인하였으며, 이를 완화하기 위해 2023년 별도의 개선계획을 수립하고 실행함으로써 대기 환경 영향 최소화를 위한 실질적인 조치를 추진하고 있습니다. 수질 오염물질 또한 법적 허용기준을 엄격히 준수하며 안정적으로 관리하고 있습니다. 수질 배출총량의 경우 2021년부터 지속적인 개선 흐름을 보이고 있으며, 이러한 관리 성과를 바탕으로 2023년에도 매출 대비 배출량 수준을 적정하게 유지하며 수질 오염 리스크를 효과적으로 제어하고 있습니다. 이를 통해 대웅제약은 강화되는 환경 규제 환경 속에서도 대기 및 수질 오염물질 배출 리스크를 체계적으로 관리하며 환경 영향을 최소화하는 데 주력하고 있습니다. | E47: 대웅은 대기 및 수질 오염물질을 법적 허용기준 이내로 관리하고 있습니다. 대기 오염물질의 경우, 질소산화물(NOx) 배출량 증가에 따라 2023년 개선계획을 수립하여 실행하고 있으며, 수질 오염물질 배출총량은 2021년부터 개선되어 2023년에도 매출 대비 배출량을 유지하고 있습니다. | F47: =IF(LEN(D47)>0,1,0) -> 1 | G47: =IF(LEN(E47)>0,1,0) -> 1 | H47: 633 | I47: 159 | J47: 7 | K47: 2 | L47: 89.6 | M47: 79 | N47: 0.271 | O47: 0.494 | P47: 0.9269 | Q47: 0.9118 | R47: 0.222 | S47: 0.55 | T47: 1 | U47: 0.75 | V47: 6.32 | W47: 0 | X47: 16 | Y47: 12 | Z47: 0 | AA47: 0 | AB47: =IF(AND($F47=1,$G47=1),IF(R47>S47,"V2",IF(S47>R47,"V3","동률")),"비교불가") -> V3 | AC47: =IF(AND($F47=1,$G47=1),IF(T47>U47,"V2",IF(U47>T47,"V3","동률")),"비교불가") -> V2 | AD47: Answer: passed / Consumer Decision: answered_partial / QA Grade: partial / Publication: review_required / Publication Reason: missing_expected_facets / Coverage: missing_expected_facets / RAG Coverage: partial / Answerable: True / Evidence: thin_but_usable
A48: EBX-Q-047 | B48: 환경 / 지표 (Metrics) / 오염물질 배출량 현황 | C48: 오염 및 배출 관리 / 오염물질 배출량 현황 | D48: 대웅제약은 대기 및 수질 오염물질 배출량을 법적 허용기준 이내로 유지하며 환경 영향을 최소화하기 위한 관리 체계를 운영하고 있습니다. 대기오염물질의 경우, 2025년 기준 질소산화물(NOx) 4.17565톤, 황산화물(SOx) 0.006톤, 먼지 0.738000464톤을 배출하였으며, 배출 원단위는 0.3536772439971244kg/억원으로 집계되었습니다. 특히 배출 총량 중 질소산화물의 증가 추세가 확인됨에 따라, 이를 집중적으로 관리하기 위해 2023년 개선계획을 수립하고 실행하는 등 저감 조치를 추진하고 있습니다. 수질오염물질 또한 엄격한 모니터링을 통해 관리하고 있으며, 2025년 기준 BOD 0.83톤, SS 0.566톤, T-N 3.21톤, T-P 0.029톤, TOC 2.305톤의 배출 실적을 기록하였습니다. 특히 화학적 산소요구량(COD)은 2024년에 이어 2025년에도 0.0톤을 기록하며 효율적인 수질 관리 상태를 유지하고 있습니다. 대웅제약은 이와 같이 대기 및 수질 오염물질의 배출 현황을 정밀하게 측정하고, 물질별 배출 특성에 기반한 개선 활동을 지속함으로써 환경에 미치는 영향을 낮추는 데 주력하고 있습니다. | E48: 대기 및 수질오염물질은 법적 허용기준 이내로 관리되고 있습니다. 대기오염물질의 경우 질소산화물(NOx) 증가로 인해 2023년 개선계획을 수립하여 실행 중이며, 대웅제약 향남공장과 오송공장의 NOx 발생량 산정방법이 농도에서 연료 사용량으로 변경되어 배출량 차이가 발생하였습니다. 또한, 2024년부터 보고서 적용범위가 (주)대웅제약 및 대웅바이오(주)의 국내사업장으로 변경되었습니다. | F48: =IF(LEN(D48)>0,1,0) -> 1 | G48: =IF(LEN(E48)>0,1,0) -> 1 | H48: 586 | I48: 215 | J48: 6 | K48: 3 | L48: 96.8 | M48: 71 | N48: 0.204 | O48: 0.506 | P48: 0.9271 | Q48: 0.92 | R48: 0.241 | S48: 0.462 | T48: 1 | U48: 0.667 | V48: 3.41 | W48: 0 | X48: 77 | Y48: 8 | Z48: 0 | AA48: 0 | AB48: =IF(AND($F48=1,$G48=1),IF(R48>S48,"V2",IF(S48>R48,"V3","동률")),"비교불가") -> V3 | AC48: =IF(AND($F48=1,$G48=1),IF(T48>U48,"V2",IF(U48>T48,"V3","동률")),"비교불가") -> V2 | AD48: Answer: passed / Consumer Decision: answered / QA Grade: full / Publication: published / Publication Reason: complete_grounded_answer / Coverage: complete_grounded_answer / RAG Coverage: complete / Answerable: True / Evidence: high_confidence
A49: EBX-Q-048 | B49: 환경 / 전략 (Strategy) / 친환경 제품 개발 정책 및 목표 | C49: 친환경 제품 / 친환경 제품 개발 정책 및 목표 | D49: 대웅제약은 환경보호와 보전에 대한 사회적 책임을 이행하기 위해 친환경 요소를 반영한 녹색구매정책을 수립하여 운영하고 있습니다. 본 정책은 전 사업장을 대상으로 하며, 생산 목적의 원·부자재 구매뿐만 아니라 일반 비품 및 소모성 자재 구매 업무까지 폭넓게 적용됩니다. 특히 제약업의 특성을 고려하여 원료 조달과 연구개발 등 생산 전 과정에서 필수적인 안정성을 확보하는 동시에 친환경성을 함께 고려한 구매 기준을 설정하여 적용하고 있습니다. 친환경 사업 모델 구축을 위해 협력사와 긴밀한 협력 체계를 가동하고 있으며, 친환경 자재의 공동 개발 및 도입을 추진하고 있습니다. 협력사가 제안하는 친환경 자재 아이디어와 적용 방안을 적극적으로 검토하며, 이러한 적극성을 보인 협력사를 핵심 협력업체로 분류하여 공동 기술 개발 및 지원 체계를 통해 관리합니다. 또한 공급망 전반에 친환경성과 지속가능성이 확산될 수 있도록 협력업체의 안정적인 녹색제품 공급을 지원하는 방안을 검토하고 있습니다. 단계별 이행 로드맵에 따라 2022년에는 박스테이프와 아이스팩 등 소모성 자재를 친환경 소재로 변경하였으며, 2023년에는 정부 및 식약처와 연동한 e-label 도입과 친환경 설명서 적용을 추진하였습니다. 2024년에는 케이스와 박스의 친환경 소재 전환, 종이 사용량 감소 및 과포장 최소화 방안을 적용하고 있으며, 2025년에는 친환경 소재 용기 개발과 용적률 최소화를 통한 용기 축소를 추진할 계획입니다. | E49: 대웅제약은 환경보호와 보전에 대한 사회적 책임을 수행하기 위해 친환경 요소를 반영한 녹색구매정책을 수립하여 전 사업장의 원 부자재 및 비품 구매에 적용하고 있습니다. 협력업체와 긴밀히 협력하여 친환경 자재의 공동 개발 및 도입을 추진하며 친환경 사업 모델을 구축하고 있습니다. 검토 중인 제안 자료상 구체적인 실행 계획으로 2022년 박스테이프와 아이스팩, 2023년 설명서와 라벨, 2024년 케이스와 박스의 친환경 소재 변경 및 과포장 최소화를 진행하였으며, 2025년에는 친환경 소재 용기 개발 및 용적률 최소화 등을 추진할 계획입니다. | F49: =IF(LEN(D49)>0,1,0) -> 1 | G49: =IF(LEN(E49)>0,1,0) -> 1 | H49: 723 | I49: 303 | J49: 8 | K49: 3 | L49: 89.5 | M49: 100.3 | N49: 0.194 | O49: 0.359 | P49: 0.9435 | Q49: 0.8945 | R49: 0.371 | S49: 0.53 | T49: 0.8 | U49: 0.6 | V49: 4.15 | W49: 0 | X49: 16 | Y49: 16 | Z49: 1 | AA49: 0 | AB49: =IF(AND($F49=1,$G49=1),IF(R49>S49,"V2",IF(S49>R49,"V3","동률")),"비교불가") -> V3 | AC49: =IF(AND($F49=1,$G49=1),IF(T49>U49,"V2",IF(U49>T49,"V3","동률")),"비교불가") -> V2 | AD49: Answer: passed / Consumer Decision: answered_partial / QA Grade: cautious / Publication: review_required / Publication Reason: draft_evidence / Coverage: draft_evidence / RAG Coverage: partial / Answerable: True / Evidence: medium_confidence
A50: EBX-Q-049 | B50: 환경 / 거버넌스 (Governance) / 친환경 제품 관리 조직 및 체계 | C50: 친환경 제품 / 친환경 제품 관리 조직 및 체계 | E50: 대웅제약은 EHS 간사 협의체를 통해 친환경 제품 및 공급망 관리를 수행하고 있습니다. SCM팀은 원자재와 제품의 입고 및 출하 관리와 더불어 친환경 공급자 관리, 협력사 선정 및 관리를 담당하며, 구매팀은 녹색구매 및 지원관리를 수행합니다. 또한 환경간사가 환경 분야별 지표 관리 및 환경전략 수립을 담당하여 체계적인 환경 경영을 지원하고 있습니다. | F50: =IF(LEN(D50)>0,1,0) -> 0 | G50: =IF(LEN(E50)>0,1,0) -> 1 | H50: 0 | I50: 196 | J50: 0 | K50: 3 | L50: 0 | M50: 64.7 | N50: 0 | O50: 0.245 | P50: 0 | Q50: 0.8222 | R50: 0 | S50: 0.36 | T50: 0 | U50: 0.8 | V50: 0 | W50: 0 | X50: 0 | Y50: 0 | Z50: 0 | AA50: 0 | AB50: =IF(AND($F50=1,$G50=1),IF(R50>S50,"V2",IF(S50>R50,"V3","동률")),"비교불가") -> 비교불가 | AC50: =IF(AND($F50=1,$G50=1),IF(T50>U50,"V2",IF(U50>T50,"V3","동률")),"비교불가") -> 비교불가 | AD50: Answer: passed / Consumer Decision: answered_partial / QA Grade: partial / Publication: review_required / Publication Reason: missing_expected_facets / Coverage: missing_expected_facets / RAG Coverage: complete / Answerable: True / Evidence: high_confidence
A51: EBX-Q-050 | B51: 환경 / 위험 관리 (Risk Management) / 친환경 제품 관련 리스크 관리 | C51: 친환경 제품 / 친환경 제품 관련 리스크 관리 | D51: 대웅제약은 시장과 고객의 환경성 요구 확대에 따른 전환 리스크를 관리하기 위해 제품 및 포장재의 환경성 검토를 강화하고 있습니다. 특히 포장재 감량, 재활용성 개선, 친환경 소재 적용을 검토하며, 제품 회수 및 폐기물 처리 절차를 정비하여 대응 체계를 구축하고 있습니다. 또한 기술적 전환 리스크의 일환으로 친환경 약물소재 개발 경쟁과 저탄소 제형 및 환경영향 저감형 의약품 개발 요구 확대에 주목하고 있습니다. 이와 함께 병원, 공공기관 및 글로벌 고객사의 저탄소 제조와 친환경 포장, 공급망 배출 관리에 대한 요구 증가를 주요 리스크 요인으로 식별하여 관리하고 있습니다. 리스크 관리의 실효성을 높이기 위해 친환경 포장재 및 원부자재 전환에 따른 재료비 증가 가능성을 분석하고 있으며, 포장재료의 장부금액과 친환경 포장재 전환율 등을 고려하여 잠재적인 재무 노출액을 산정하는 등 체계적인 리스크 평가를 수행하고 있습니다. | E51: 대웅제약은 제품 및 포장재의 환경성 요구 확대에 따른 전환 리스크에 대응하기 위해 제품과 포장재의 환경성 검토를 강화하고 있습니다. 구체적으로 포장재 감량, 재활용성 개선, 친환경 소재 적용을 검토하며, 스펀지 및 플라스틱류 완충 포장재 제거 등의 활동을 추진하고 있습니다. 또한 제품 회수 및 폐기물 처리 절차를 정비하여 시장과 고객의 환경성 요구에 대응하고 있으며, 중장기적으로는 친환경 소재, 저탄소 제형, 환경영향 저감형 의약품 개발 요구 확대에 따른 기술적 전환 리스크를 관리하고 있습니다. | F51: =IF(LEN(D51)>0,1,0) -> 1 | G51: =IF(LEN(E51)>0,1,0) -> 1 | H51: 461 | I51: 279 | J51: 5 | K51: 3 | L51: 91.4 | M51: 92.3 | N51: 0.268 | O51: 0.252 | P51: 0.883 | Q51: 0.9052 | R51: 0.389 | S51: 0.545 | T51: 0.8 | U51: 0.8 | V51: 2.17 | W51: 7.17 | X51: 0 | Y51: 0 | Z51: 0 | AA51: 0 | AB51: =IF(AND($F51=1,$G51=1),IF(R51>S51,"V2",IF(S51>R51,"V3","동률")),"비교불가") -> V3 | AC51: =IF(AND($F51=1,$G51=1),IF(T51>U51,"V2",IF(U51>T51,"V3","동률")),"비교불가") -> 동률 | AD51: Answer: passed / Consumer Decision: answered_partial / QA Grade: full / Publication: review_required / Publication Reason: human_review_required / Coverage: complete_grounded_answer / RAG Coverage: partial / Answerable: True / Evidence: thin_but_usable
A52: EBX-Q-051 | B52: 환경 / 지표 (Metrics) / 친환경 제품 개발 및 인증 현황 | C52: 친환경 제품 / 친환경 제품 개발 및 인증 현황 | D52: 대웅제약은 협력 업체와 긴밀한 협력 체계를 구축하여 친환경 자재의 공동 개발 및 도입을 추진하며 친환경 사업 모델을 구현하고 있습니다. 특히 친환경 자재에 대한 아이디어와 적용 방안을 제안하는 협력회사를 핵심 협력업체로 분류하여 관리하고 있으며, 공동 기술 개발 및 지원 체계를 통해 실행력을 높이고 있습니다. 자재별 친환경 전환은 단계별 로드맵에 따라 체계적으로 진행하고 있습니다. 2022년에는 박스테이프와 아이스팩 등 소모성 자재를 친환경 소재로 변경하였으며, 2023년에는 정부 및 식약처와 연동한 e-label 도입과 친환경 설명서 적용을 추진하였습니다. 2024년에는 케이스와 박스의 친환경 소재 전환, 종이 사용량 감소 및 과포장 최소화 방안을 적용하고 있으며, 2025년에는 친환경 소재 용기 개발과 용적률 최소화를 통한 용기 축소를 추진할 계획입니다. | F52: =IF(LEN(D52)>0,1,0) -> 1 | G52: =IF(LEN(E52)>0,1,0) -> 0 | H52: 429 | I52: 0 | J52: 5 | K52: 0 | L52: 85 | M52: 0 | N52: 0.301 | O52: 0 | P52: 0.8926 | Q52: 0 | R52: 0.352 | S52: 0 | T52: 0.4 | U52: 0 | V52: 2.33 | W52: 0 | X52: 16 | Y52: 0 | Z52: 0 | AA52: 0 | AB52: =IF(AND($F52=1,$G52=1),IF(R52>S52,"V2",IF(S52>R52,"V3","동률")),"비교불가") -> 비교불가 | AC52: =IF(AND($F52=1,$G52=1),IF(T52>U52,"V2",IF(U52>T52,"V3","동률")),"비교불가") -> 비교불가 | AD52: Answer: failed / Consumer Decision: blocked_qa / QA Grade: failed / Publication: blocked / Publication Reason: qa_not_passed / Coverage: writer_empty / RAG Coverage: partial / Answerable: True / Evidence: medium_confidence
A53: EBX-Q-052 | B53: 환경 / 전략 (Strategy) / 제품 환경 책임 정책 및 목표 | C53: 제품 책임 / 제품 환경 책임 정책 및 목표 | D53: 대웅제약은 환경경영 방침과 조직, 책임 및 절차를 체계적으로 구축하여 전사적인 환경경영체계를 수립하고 유지하고 있습니다. 특히 환경 관련 데이터를 체계적으로 수집하고 분석하여 이를 경영 의사결정에 실질적으로 활용하는 평가 체계를 운영함으로써 데이터 기반의 환경 관리를 실현하고 있습니다. 제품의 전 과정에서 환경적 책임을 이행하기 위해 수립된 환경 정책은 회사의 전 사업장에 적용되며, 그 범위는 생산 목적의 원·부자재 구매부터 일반 비품 및 소모성 자재 구매 업무까지 포괄적으로 적용됩니다. 모든 임직원은 녹색제품 구매 실천을 기본 원칙으로 삼아, 제품의 도입 및 조달 단계에서부터 환경 영향을 최소화하기 위한 노력을 기울이고 있습니다. 또한, 지속 가능한 환경 성과를 창출하기 위해 환경성과 중장기 목표를 지속적으로 논의하고 수정하며 전략적 방향성을 정교화하고 있습니다. 특히 대웅그룹 차원에서 재활용률 향상을 저해하는 방해 요인을 재분석하는 등 실질적인 개선 방안을 모색하고 있으며, 폐기물 재활용량 관리 대응방안을 마련하여 제품의 사용 후 폐기 단계까지 아우르는 전 과정의 환경 책임 경영을 강화하고 있습니다. | E53: 원료 조달, 연구개발, 제조 등 생산에 필요한 원 부자재 구매 시 품질과 안정성을 확보하는 동시에 친환경성을 고려하며, 일반 비품 및 소모성 자재 구매 시에도 녹색제품 구매를 실천하고 항목을 지속적으로 관리하는 것을 기본 원칙으로 하고 있습니다. | F53: =IF(LEN(D53)>0,1,0) -> 1 | G53: =IF(LEN(E53)>0,1,0) -> 1 | H53: 569 | I53: 137 | J53: 6 | K53: 1 | L53: 94 | M53: 137 | N53: 0.251 | O53: 0 | P53: 0.9445 | Q53: 0.9714 | R53: 0.233 | S53: 0.511 | T53: 1 | U53: 0.4 | V53: 8.79 | W53: 7.3 | X53: 0 | Y53: 0 | Z53: 0 | AA53: 0 | AB53: =IF(AND($F53=1,$G53=1),IF(R53>S53,"V2",IF(S53>R53,"V3","동률")),"비교불가") -> V3 | AC53: =IF(AND($F53=1,$G53=1),IF(T53>U53,"V2",IF(U53>T53,"V3","동률")),"비교불가") -> V2 | AD53: Answer: passed / Consumer Decision: answered_partial / QA Grade: partial / Publication: review_required / Publication Reason: missing_expected_facets / Coverage: missing_expected_facets / RAG Coverage: complete / Answerable: True / Evidence: medium_confidence
A54: EBX-Q-053 | B54: 환경 / 거버넌스 (Governance) / 제품 책임 관리 조직 및 체계 | C54: 제품 책임 / 제품 책임 관리 조직 및 체계 | D54: 대웅제약은 전 임직원을 대상으로 GMP 및 PV 교육을 실시하여 조직 전반의 품질 역량을 강화하고 있습니다. 제품의 전 생애주기에 걸친 안전성 관리를 위해 약물감시 체계를 운영하며, 생산하는 모든 제품의 이상사례와 안전성 문제를 과학적으로 탐지하고 평가합니다. 특히 RMP, 재평가, 보고, 재심사, 사용권고 등의 제도를 통해 관리 체계를 고도화하고 글로벌 규제 보고 의무를 준수하고 있습니다. 운영 체계 측면에서는 업무기준서에 따라 의약품 개발부터 판매 단계까지 전 과정의 안전성 데이터를 관리합니다. 홈페이지 내 이상사례 보고 시스템을 통해 자발적 보고, 문헌, 임상연구, 해외사례 등 다양한 경로로 안전성 정보를 수집하며, 시판 전후의 안전성 시험과 분석법 검증을 통해 데이터의 신뢰성을 확보하고 있습니다. | E54: 대웅제약은 품질경영(QM), 품질보증(QA), 품질관리(QC) 조직을 통해 SOP 문서화, 밸리데이션, 환경 및 공정관리, 시험 및 감사 업무를 수행하며 제품 품질을 관리하고 있습니다. 또한, 생산하는 모든 제품의 전 생애주기에 걸쳐 이상사례와 안전성 문제를 과학적으로 탐지 및 평가하는 약물감시 체계를 운영하며, RMP, 재평가, 보고, 재심사, 사용권고 등의 제도를 통해 글로벌 규제 보고 의무를 준수하고 있습니다. | F54: =IF(LEN(D54)>0,1,0) -> 1 | G54: =IF(LEN(E54)>0,1,0) -> 1 | H54: 398 | I54: 234 | J54: 5 | K54: 2 | L54: 78.8 | M54: 116.5 | N54: 0.263 | O54: 0.116 | P54: 0.9209 | Q54: 0.9453 | R54: 0.529 | S54: 0.519 | T54: 0.8 | U54: 0.8 | V54: 7.54 | W54: 0 | X54: 0 | Y54: 0 | Z54: 0 | AA54: 0 | AB54: =IF(AND($F54=1,$G54=1),IF(R54>S54,"V2",IF(S54>R54,"V3","동률")),"비교불가") -> V2 | AC54: =IF(AND($F54=1,$G54=1),IF(T54>U54,"V2",IF(U54>T54,"V3","동률")),"비교불가") -> 동률 | AD54: Answer: passed / Consumer Decision: answered_partial / QA Grade: partial / Publication: review_required / Publication Reason: partial_answer / Coverage: partial_answer / RAG Coverage: insufficient / Answerable: False / Evidence: insufficient
A55: EBX-Q-054 | B55: 환경 / 위험 관리 (Risk Management) / 제품 전 과정 환경 리스크 관리 | C55: 제품 책임 / 제품 전 과정 환경 리스크 관리 | F55: =IF(LEN(D55)>0,1,0) -> 0 | G55: =IF(LEN(E55)>0,1,0) -> 0 | H55: 0 | I55: 0 | J55: 0 | K55: 0 | L55: 0 | M55: 0 | N55: 0 | O55: 0 | P55: 0 | Q55: 0 | R55: 0 | S55: 0 | T55: 0 | U55: 0 | V55: 0 | W55: 0 | X55: 0 | Y55: 0 | Z55: 0 | AA55: 0 | AB55: =IF(AND($F55=1,$G55=1),IF(R55>S55,"V2",IF(S55>R55,"V3","동률")),"비교불가") -> 비교불가 | AC55: =IF(AND($F55=1,$G55=1),IF(T55>U55,"V2",IF(U55>T55,"V3","동률")),"비교불가") -> 비교불가 | AD55: Answer: empty / Consumer Decision: blocked_api_status / QA Grade: failed / Publication: blocked / Publication Reason: qa_not_passed / Coverage: writer_empty / RAG Coverage: insufficient / Answerable: False / Evidence: insufficient
A56: EBX-Q-055 | B56: 환경 / 지표 (Metrics) / 제품 환경 책임 이행 현황 | C56: 제품 책임 / 제품 환경 책임 이행 현황 | D56: 대웅제약은 제품의 전과정에서 환경 영향을 최소화하기 위해 용기 단순화 및 친환경 포장재 적용을 추진하고 있습니다. 특히 일반의약품(OTC) 제품군을 대상으로 용기 규격을 최적화하여 플라스틱 사용량을 절감하는 활동을 전개하고 있습니다. 주요 적용 사례로 대웅우루사 연질캡슐 30CP의 경우 50mL HDPE 용기(스크류 1호)를 적용하였으며, 대웅우루사 연질캡슐 120CP와 복합우루사 연질캡슐 80CP 등에도 각각 150mL 및 250mL HDPE 용기를 적용하여 자재 효율화를 도모하고 있습니다. 또한 임팩타민원스정 120T에는 150mL HDPE 용기를, 임팩타민 케어정 120T와 임팩타민프리미엄정 60T에는 100mL HDPE 용기를 적용하는 등 제품별 특성에 맞춘 용기 단순화를 통해 플라스틱 배출량 저감을 실천하고 있습니다. | F56: =IF(LEN(D56)>0,1,0) -> 1 | G56: =IF(LEN(E56)>0,1,0) -> 0 | H56: 411 | I56: 0 | J56: 4 | K56: 0 | L56: 102 | M56: 0 | N56: 0.371 | O56: 0 | P56: 0.8628 | Q56: 0 | R56: 0.337 | S56: 0 | T56: 0.4 | U56: 0 | V56: 2.43 | W56: 0 | X56: 30 | Y56: 0 | Z56: 0 | AA56: 0 | AB56: =IF(AND($F56=1,$G56=1),IF(R56>S56,"V2",IF(S56>R56,"V3","동률")),"비교불가") -> 비교불가 | AC56: =IF(AND($F56=1,$G56=1),IF(T56>U56,"V2",IF(U56>T56,"V3","동률")),"비교불가") -> 비교불가 | AD56: Answer: failed / Consumer Decision: blocked_api_status / QA Grade: failed / Publication: blocked / Publication Reason: qa_not_passed / Coverage: writer_empty / RAG Coverage: insufficient / Answerable: False / Evidence: insufficient
A57: EBX-Q-056 | B57: 사회 / 전략 (Strategy) / 인재 육성 및 인적 자본 관리 정책 | C57: 인적 자본 / 인재 육성 및 인적 자본 관리 정책 | D57: 대웅제약은 공정과 자율의 가치를 실천하기 위해 임직원들에게 안전하고 행복한 일터를 제공하고, 인재 육성을 위한 다양한 프로그램을 운영하고 있습니다. 대표이사는 지속가능한 인재 중심 경영을 통해 글로벌 ESG 기업으로 거듭나겠다는 의지를 공식적으로 표명하며 인적 자본 관리의 방향성을 제시하였습니다. | E57: 대웅제약은 공정과 자율의 가치를 실천하기 위해 임직원에게 안전하고 행복한 일터를 제공하며, 인재 육성을 위한 다양한 프로그램을 운영하고 있습니다. 회사는 지속가능한 인재 중심 경영을 통해 글로벌 ESG 기업으로 거듭나겠다는 방향성을 밝히고 있습니다. | F57: =IF(LEN(D57)>0,1,0) -> 1 | G57: =IF(LEN(E57)>0,1,0) -> 1 | H57: 166 | I57: 139 | J57: 2 | K57: 2 | L57: 82.5 | M57: 69 | N57: 0.006 | O57: 0.174 | P57: 0.9722 | Q57: 0.9355 | R57: 0.608 | S57: 0.683 | T57: 0.833 | U57: 0.333 | V57: 12.05 | W57: 14.39 | X57: 0 | Y57: 0 | Z57: 0 | AA57: 0 | AB57: =IF(AND($F57=1,$G57=1),IF(R57>S57,"V2",IF(S57>R57,"V3","동률")),"비교불가") -> V3 | AC57: =IF(AND($F57=1,$G57=1),IF(T57>U57,"V2",IF(U57>T57,"V3","동률")),"비교불가") -> V2 | AD57: Answer: passed / Consumer Decision: answered_partial / QA Grade: partial / Publication: review_required / Publication Reason: missing_expected_facets / Coverage: missing_expected_facets / RAG Coverage: insufficient / Answerable: False / Evidence: insufficient
A58: EBX-Q-057 | B58: 사회 / 거버넌스 (Governance) / 인적 자본 관리 조직 및 체계 | C58: 인적 자본 / 인적 자본 관리 조직 및 체계 | F58: =IF(LEN(D58)>0,1,0) -> 0 | G58: =IF(LEN(E58)>0,1,0) -> 0 | H58: 0 | I58: 0 | J58: 0 | K58: 0 | L58: 0 | M58: 0 | N58: 0 | O58: 0 | P58: 0 | Q58: 0 | R58: 0 | S58: 0 | T58: 0 | U58: 0 | V58: 0 | W58: 0 | X58: 0 | Y58: 0 | Z58: 0 | AA58: 0 | AB58: =IF(AND($F58=1,$G58=1),IF(R58>S58,"V2",IF(S58>R58,"V3","동률")),"비교불가") -> 비교불가 | AC58: =IF(AND($F58=1,$G58=1),IF(T58>U58,"V2",IF(U58>T58,"V3","동률")),"비교불가") -> 비교불가 | AD58: Answer: failed / Consumer Decision: blocked_api_status / QA Grade: failed / Publication: blocked / Publication Reason: qa_not_passed / Coverage: writer_empty / RAG Coverage: insufficient / Answerable: False / Evidence: insufficient
A59: EBX-Q-058 | B59: 사회 / 위험 관리 (Risk Management) / 인적 자본 관련 리스크 관리 | C59: 인적 자본 / 인적 자본 관련 리스크 관리 | F59: =IF(LEN(D59)>0,1,0) -> 0 | G59: =IF(LEN(E59)>0,1,0) -> 0 | H59: 0 | I59: 0 | J59: 0 | K59: 0 | L59: 0 | M59: 0 | N59: 0 | O59: 0 | P59: 0 | Q59: 0 | R59: 0 | S59: 0 | T59: 0 | U59: 0 | V59: 0 | W59: 0 | X59: 0 | Y59: 0 | Z59: 0 | AA59: 0 | AB59: =IF(AND($F59=1,$G59=1),IF(R59>S59,"V2",IF(S59>R59,"V3","동률")),"비교불가") -> 비교불가 | AC59: =IF(AND($F59=1,$G59=1),IF(T59>U59,"V2",IF(U59>T59,"V3","동률")),"비교불가") -> 비교불가 | AD59: Answer: empty / Consumer Decision: blocked_api_status / QA Grade: failed / Publication: blocked / Publication Reason: unaccepted_answer_status / Coverage: empty_evidence / RAG Coverage: no_evidence / Answerable: False / Evidence: no_evidence
A60: EBX-Q-059 | B60: 사회 / 지표 (Metrics) / 교육 및 인재 육성 현황 | C60: 인적 자본 / 교육 및 인재 육성 현황 | E60: 검토 중인 제안 자료상 또한, 2016년 업계 최초로 직무급 제도를 도입하여 성별과 관계없이 동등한 기회를 제공함으로써 차세대 여성 리더 육성에 노력하고 있습니다. | F60: =IF(LEN(D60)>0,1,0) -> 0 | G60: =IF(LEN(E60)>0,1,0) -> 1 | H60: 0 | I60: 91 | J60: 0 | K60: 1 | L60: 0 | M60: 91 | N60: 0 | O60: 0 | P60: 0 | Q60: 1 | R60: 0 | S60: 0 | T60: 0 | U60: 0.25 | V60: 0 | W60: 10.99 | X60: 0 | Y60: 4 | Z60: 1 | AA60: 1 | AB60: =IF(AND($F60=1,$G60=1),IF(R60>S60,"V2",IF(S60>R60,"V3","동률")),"비교불가") -> 비교불가 | AC60: =IF(AND($F60=1,$G60=1),IF(T60>U60,"V2",IF(U60>T60,"V3","동률")),"비교불가") -> 비교불가 | AD60: Answer: passed / Consumer Decision: answered_partial / QA Grade: cautious / Publication: review_required / Publication Reason: draft_evidence / Coverage: draft_evidence / RAG Coverage: complete / Answerable: True / Evidence: high_confidence
A61: EBX-Q-060 | B61: 사회 / 전략 (Strategy) / 다양성 및 포용성 정책 및 목표 | C61: 다양성 및 포용성 / 다양성 및 포용성 정책 및 목표 | D61: 대웅제약은 장애인 등 고용 취약계층의 안정적인 일자리 확대와 조직 내 다양성 제고를 위해 포용적인 고용 환경을 조성하는 데 주력하고 있습니다. 이를 위해 채용 과정에서 직무별 채용공고에 장애인 우대사항을 명시하여 실질적인 채용 기회를 확대하고 있으며, 발달장애인 고용 전문기업과 협력하여 사내 매점인 '베어마트'를 운영함으로써 지속가능한 일자리 모델을 구축하고 있습니다. 베어마트는 2025년 12월 기준 발달장애인 10명과 직무전문가 2명이 근무하고 있으며, 4인 1조 3교대 체계를 통해 안정적인 근무 환경을 제공하고 있습니다. 대웅제약은 이러한 포용적 고용 정책을 바탕으로 2026년까지 장애인 고용 규모를 총 11인 수준으로 확대할 계획이며, 앞으로도 다양성과 포용성을 기반으로 고용 기회를 지속적으로 넓혀갈 예정입니다. 아울러 '자율'과 '성장'의 가치를 바탕으로 일과 가정이 조화롭게 병행될 수 있는 제도를 정착시키고 이를 조직 내에 적극적으로 확산시킨 결과, 2025년 여성가족부 주관 '가족친화 선도기업'으로 인증 및 선정되며 성별과 생애주기를 포용하는 조직문화 조성 성과를 거두었습니다. 대웅제약은 앞으로도 차별 없는 고용 환경과 가족친화적인 제도를 통해 구성원 모두가 존중받는 포용적 기업 문화를 강화해 나갈 방침입니다. | E61: 대웅제약은 장애인 등 고용 취약계층의 안정적인 일자리 확대와 조직 내 다양성 제고를 위해 포용적 고용 환경 조성을 추진하고 있습니다. 채용 과정에서 직무별 공고에 장애인 우대사항을 명시하여 기회를 확대하고 있으며, 발달장애인 고용 전문기업과 협력하여 사내 매점 ‘베어마트’를 통해 지속가능한 일자리 모델을 구축하고 있습니다. 2025년 12월 기준 베어마트에는 10명의 발달장애인이 근무하고 있으며, 2026년까지 장애인 고용 규모를 총 11인 수준으로 확대할 계획입니다. 검토 중인 제안 자료상 또한, 2016년 업계 최초로 성별 구분 없이 동등한 기회를 제공하는 직무급 제도를 도입하여 여성 인재 육성과 리더십 발휘를 지원하고 있습니다. | F61: =IF(LEN(D61)>0,1,0) -> 1 | G61: =IF(LEN(E61)>0,1,0) -> 1 | H61: 637 | I61: 358 | J61: 6 | K61: 4 | L61: 105.3 | M61: 88.8 | N61: 0.264 | O61: 0.136 | P61: 0.9488 | Q61: 0.95 | R61: 0.46 | S61: 0.693 | T61: 0.75 | U61: 0.25 | V61: 6.28 | W61: 2.79 | X61: 22 | Y61: 18 | Z61: 1 | AA61: 1 | AB61: =IF(AND($F61=1,$G61=1),IF(R61>S61,"V2",IF(S61>R61,"V3","동률")),"비교불가") -> V3 | AC61: =IF(AND($F61=1,$G61=1),IF(T61>U61,"V2",IF(U61>T61,"V3","동률")),"비교불가") -> V2 | AD61: Answer: passed / Consumer Decision: answered_partial / QA Grade: cautious / Publication: review_required / Publication Reason: draft_evidence / Coverage: draft_evidence / RAG Coverage: complete / Answerable: True / Evidence: high_confidence
A62: EBX-Q-061 | B62: 사회 / 거버넌스 (Governance) / 다양성 및 포용성 관리 체계 | C62: 다양성 및 포용성 / 다양성 및 포용성 관리 체계 | E62: 검토 중인 제안 자료상 다양성 제고를 위한 차별금지 원칙 장애인 고용 창출과 다양성 제고를 위한 목표 대웅제약은 장애인 등 고용 취약계층의 안정적인 일자리 확대와 조직 내 다양성 제고를 위해 포용적 고용 환경 조성에 노력하고 있습니다. 대웅제약은 2026년 장애인 고용 규모를 총 11인 수준으로 확대할 계획이며, 앞으로도 다양성과 포용성을 기반으로 장애인 고용 기회를 지속 확대해 나갈 예정입니다. 업계최초 직무급 제도와 여성인재 육성 대웅제약은 2016년 성별을 구분하지 않고 여성을 비롯한 모든 임직원들에게 동등한 기회를 제공하는 직무급 제도를 업계 최초로 도입하여 여성 리더십이 발휘될 수 있도록 하고 있으며 특히 제약업계 최초의 30대 임원이 GPTW 혁신리더상을 수상하기도 하였습니다. | F62: =IF(LEN(D62)>0,1,0) -> 0 | G62: =IF(LEN(E62)>0,1,0) -> 1 | H62: 0 | I62: 389 | J62: 0 | K62: 3 | L62: 0 | M62: 129 | N62: 0 | O62: 0.234 | P62: 0 | Q62: 0.8805 | R62: 0 | S62: 0.955 | T62: 0 | U62: 0.5 | V62: 0 | W62: 2.57 | X62: 0 | Y62: 12 | Z62: 1 | AA62: 0 | AB62: =IF(AND($F62=1,$G62=1),IF(R62>S62,"V2",IF(S62>R62,"V3","동률")),"비교불가") -> 비교불가 | AC62: =IF(AND($F62=1,$G62=1),IF(T62>U62,"V2",IF(U62>T62,"V3","동률")),"비교불가") -> 비교불가 | AD62: Answer: passed / Consumer Decision: answered_partial / QA Grade: cautious / Publication: review_required / Publication Reason: draft_evidence / Coverage: draft_evidence / RAG Coverage: complete / Answerable: True / Evidence: high_confidence
A63: EBX-Q-062 | B63: 사회 / 위험 관리 (Risk Management) / 차별 및 형평성 관련 리스크 관리 | C63: 다양성 및 포용성 / 차별 및 형평성 관련 리스크 관리 | D63: 대웅제약은 조직 내 차별을 철폐하고 형평성을 제고하기 위해 구체적이며 측정 가능하고 달성 가능한 정책과 목표를 수립하여 이를 체계적으로 모니터링하고 있습니다. 특히 성적 지향을 포함한 다양성과 포용성을 촉진하기 위해 실효성 있는 정책과 구체적인 행동 계획을 수립하여 운영함으로써 모든 구성원이 존중받는 조직 문화를 조성하는 데 주력하고 있습니다. 사회적 형평성 강화 활동의 일환으로 차별 철폐뿐만 아니라 소외 계층의 실질적인 역량 강화를 지원하고 있습니다. 이를 위해 멘토링 프로그램과 기술 교육 등 다양한 지원 사업에 후원하거나 직접 참여함으로써 구성원과 사회 전반의 포용적 가치를 확산시키고 있습니다. 리스크 관리 체계 측면에서는 조직 내에서 발생할 수 있는 차별, 괴롭힘, 성희롱 등의 리스크를 사전에 예방하고 신속하게 대응하기 위해 적절한 구제 메커니즘을 구축하여 운영하고 있습니다. 특히 피해자 보호와 신고자 비밀 유지를 위한 보호 절차가 엄격하게 준수되고 있는지 주기적으로 점검함으로써, 리스크 관리 프로세스의 실효성을 확보하고 구성원이 안심하고 근무할 수 있는 환경을 구축하고 있습니다. | E63: 외부 평가 자료상 차별 철폐 및 소외 계층의 역량 강화를 위한 멘토링, 기술 교육 등에 후원 또는 참여한다. 차별 철폐에 대해 구체적이고, 측정 가능하며, 달성 가능한 정책 및 목표를 수립하고 모니터링한다. | F63: =IF(LEN(D63)>0,1,0) -> 1 | G63: =IF(LEN(E63)>0,1,0) -> 1 | H63: 559 | I63: 115 | J63: 6 | K63: 2 | L63: 92.3 | M63: 57 | N63: 0.194 | O63: 0.053 | P63: 0.9656 | Q63: 0.9355 | R63: 0.139 | S63: 0.908 | T63: 0.8 | U63: 0.2 | V63: 5.37 | W63: 0 | X63: 0 | Y63: 0 | Z63: 1 | AA63: 0 | AB63: =IF(AND($F63=1,$G63=1),IF(R63>S63,"V2",IF(S63>R63,"V3","동률")),"비교불가") -> V3 | AC63: =IF(AND($F63=1,$G63=1),IF(T63>U63,"V2",IF(U63>T63,"V3","동률")),"비교불가") -> V2 | AD63: Answer: passed / Consumer Decision: answered_partial / QA Grade: cautious / Publication: review_required / Publication Reason: assessment_only / Coverage: assessment_only / RAG Coverage: insufficient / Answerable: False / Evidence: insufficient
A64: EBX-Q-063 | B64: 사회 / 지표 (Metrics) / 구성원 다양성 현황 | C64: 다양성 및 포용성 / 구성원 다양성 현황 | D64: 대웅제약은 성별과 연령 등 인적 구성의 다양성을 확보하여 포용적인 조직 문화를 조성하고 임직원이 함께 성장할 수 있는 환경을 구축하고 있습니다. 2025년 기준 임직원 구성 현황을 살펴보면, 남성 인력은 1,136명이며 여성 인력은 정규직 617명, 기간제 근로자 41명, 소속 외 근로자 133명으로 구성되어 성별 다양성을 유지하고 있습니다. 연령별로는 30세 미만 인력이 450명, 30세에서 50세 사이의 인력이 1,251명으로 집계되어 다양한 세대가 조화를 이루며 근무하는 환경을 운영하고 있습니다. 특히 사회적 약자에 대한 실질적인 고용 기회를 확대하여 다양성과 포용성의 가치를 실천하고 있습니다. 2025년 12월 기준 베어마트에는 10명의 발달장애인과 2명의 직무전문가가 근무하고 있으며, 4인 1조 3교대 체계를 도입하여 장애인 근로자가 안정적으로 근무할 수 있는 환경을 제공하고 있습니다. 대웅제약은 이러한 포용적 고용 정책을 지속적으로 강화하여 2026년까지 장애인 고용 규모를 총 11인 수준으로 확대할 계획이며, 앞으로도 다양성과 포용성을 기반으로 장애인 고용 기회를 지속적으로 확대해 나갈 예정입니다. | E64: 대웅제약은 포용적 고용 환경 조성을 위해 장애인 등 고용 취약계층의 일자리를 확대하고 있습니다. 검토 중인 제안 자료상 또한, 2016년 업계 최초로 성별 구분 없이 동등한 기회를 제공하는 직무급 제도를 도입하여 여성 리더십 발휘를 지원하고 있습니다. | F64: =IF(LEN(D64)>0,1,0) -> 1 | G64: =IF(LEN(E64)>0,1,0) -> 1 | H64: 573 | I64: 140 | J64: 6 | K64: 2 | L64: 94.7 | M64: 69.5 | N64: 0.239 | O64: 0.237 | P64: 0.9302 | Q64: 0.9429 | R64: 0.353 | S64: 0.464 | T64: 0.667 | U64: 0 | V64: 6.98 | W64: 0 | X64: 47 | Y64: 4 | Z64: 1 | AA64: 1 | AB64: =IF(AND($F64=1,$G64=1),IF(R64>S64,"V2",IF(S64>R64,"V3","동률")),"비교불가") -> V3 | AC64: =IF(AND($F64=1,$G64=1),IF(T64>U64,"V2",IF(U64>T64,"V3","동률")),"비교불가") -> V2 | AD64: Answer: passed / Consumer Decision: answered_partial / QA Grade: cautious / Publication: review_required / Publication Reason: draft_evidence / Coverage: draft_evidence / RAG Coverage: complete / Answerable: True / Evidence: high_confidence
A65: EBX-Q-064 | B65: 사회 / 전략 (Strategy) / 공급망 지속가능성 관리 정책 | C65: 공급망 책임 관리 / 공급망 지속가능성 관리 정책 | D65: ESG TF를 중심으로 대웅제약은 제약산업 공급망의 지속가능성과 책임 있는 경영 실천을 위해 PSCI(Pharmaceutical Supply Chain Initiative)의 원칙과 가치를 지지하며 체계적인 공급망 ESG 관리 체계를 구축하고 있습니다. 이를 위해 안전보건, 환경, 산업위생, 인권 및 노동, 윤리경영 등 공급망 전반에서 발생할 수 있는 주요 ESG 이슈를 식별하여 관리하고 있으며, 협력사와 함께 지속가능한 공급망을 구축하는 것을 핵심 방향으로 추진하고 있습니다. 실행력 제고를 위한 내부 역량 강화의 일환으로 2024년 2월에는 ESG TF를 대상으로 PSCI 교육을 실시하였습니다. 이를 통해 글로벌 제약산업에서 요구하는 책임 있는 공급망 관리 기준에 대한 이해도를 높였으며, 공급망 ESG 관리의 중요성에 대한 전사적 공감대를 형성하는 성과를 거두었습니다. 또한 환경보호와 환경보전에 대한 사회적 책임을 충실히 수행하기 위해 친환경 요소를 반영한 녹색구매정책을 수립하여 운영하고 있습니다. 해당 정책의 적용 범위는 회사의 전 사업장으로 확대하여 적용하며, 생산 목적의 원·부자재 구매는 물론 일반 비품 및 소모성 자재 구매 업무까지 포괄하여 환경 영향을 최소화하고 있습니다. 나아가 공급망 내에 친환경성과 지속가능성이 실질적으로 확산될 수 있도록 협력업체의 안정적인 녹색제품 공급을 지원하는 방안을 검토하고 있습니다. 대웅제약은 이러한 정책적 기반과 실행 과제를 통해 공급망 전반의 ESG 리스크를 관리하고, 협력사와 함께 성장하는 지속가능한 생태계 조성을 추진하고 있습니다. | E65: 대웅제약은 제약산업 공급망의 지속가능성과 책임 있는 경영 실천을 위해 PSCI(Pharmaceutical Supply Chain Initiative)의 원칙과 가치를 지지하며, 안전보건, 환경, 산업위생, 인권 및 노동, 윤리경영 등 공급망 전반의 주요 ESG 이슈를 체계적으로 관리하고 있습니다. 또한, 환경보호와 보전에 대한 사회적 책임을 수행하기 위해 친환경 요소를 반영한 녹색구매정책을 수립하여 전 사업장의 원 부자재 및 비품 구매에 적용하고 있습니다. 협력사와 긴밀히 협력하여 친환경 자재의 공동 개발 및 도입을 추진하고 있으며, 협력업체의 안정적인 녹색제품 공급을 지원하는 방안을 검토하고 있습니다. | F65: =IF(LEN(D65)>0,1,0) -> 1 | G65: =IF(LEN(E65)>0,1,0) -> 1 | H65: 783 | I65: 341 | J65: 8 | K65: 3 | L65: 97 | M65: 113 | N65: 0.251 | O65: 0.333 | P65: 0.954 | Q65: 0.9549 | R65: 0.509 | S65: 0.806 | T65: 1 | U65: 1 | V65: 3.83 | W65: 5.87 | X65: 5 | Y65: 0 | Z65: 0 | AA65: 0 | AB65: =IF(AND($F65=1,$G65=1),IF(R65>S65,"V2",IF(S65>R65,"V3","동률")),"비교불가") -> V3 | AC65: =IF(AND($F65=1,$G65=1),IF(T65>U65,"V2",IF(U65>T65,"V3","동률")),"비교불가") -> 동률 | AD65: Answer: passed / Consumer Decision: answered_partial / QA Grade: partial / Publication: review_required / Publication Reason: missing_expected_facets / Coverage: missing_expected_facets / RAG Coverage: partial / Answerable: True / Evidence: thin_but_usable
A66: EBX-Q-065 | B66: 사회 / 거버넌스 (Governance) / 공급망 관리 조직 및 체계 | C66: 공급망 책임 관리 / 공급망 관리 조직 및 체계 | D66: ESG 팀 내에 공급망 관리를 전담하는 역할을 명확히 설정하여 공급망 지속가능 경영을 추진하고 있습니다. 거버넌스 체계는 CEO가 의장을 맡고 있는 이사회의 최종 감독 아래, ESG경영위원회가 공급망 지속가능 경영의 전반적인 방향성을 수립하는 구조로 운영됩니다. 실무 수행 단계에서는 ESG 전담부서와 구매·조달 부서가 긴밀하게 협업하며, 구체적인 추진을 위해 ESG팀장을 TF장으로 하는 ESG TF를 구성하고 있습니다. 해당 TF에는 CFO를 비롯하여 ESG팀, 인사팀, 구매팀, 공무팀, CP팀, SCM팀, QM/QA/QC팀 등 관련 부서가 참여하여 유기적인 협력 체계를 구축하고 있습니다. 대웅제약은 제약산업 공급망의 지속가능성과 책임 있는 경영 실천을 위해 PSCI(Pharmaceutical Supply Chain Initiative)의 원칙과 가치를 지지하며, 이를 바탕으로 공급망 관리 체계 구축 로드맵을 추진하고 있습니다. 2025년부터 2026년까지는 영역별 평가 기준 마련과 운영 및 관리 체계 구축에 집중하고, 2027년부터 2028년까지는 협력회사 역량 강화 프로그램 확대 및 리스크 관리 강화를 통한 체계 고도화를 추진할 계획입니다. 이후 2029년에는 이를 자회사 및 해외 법인으로 확산하여 지속가능한 공급망 생태계를 구축하는 것을 목표로 하고 있습니다. | E66: 검토 중인 제안 자료상 실무 수행은 구매 조달 부서와 ESG 전담부서가 긴밀하게 협업하는 구조이며, 대표이사는 공급망 전반의 지속가능성 안건을 최종 심의 및 의결하고 공급망 실사 지침 등 규제 대응 방안을 논의합니다. ESG 전담 조직은 협력회사 행동규범의 제정 및 전파, 현장 점검, 역량 강화 지원, 공급망 리스크 평가 및 관리를 담당합니다. | F66: =IF(LEN(D66)>0,1,0) -> 1 | G66: =IF(LEN(E66)>0,1,0) -> 1 | H66: 661 | I66: 193 | J66: 7 | K66: 2 | L66: 93.6 | M66: 96 | N66: 0.271 | O66: 0.26 | P66: 0.9458 | Q66: 0.9068 | R66: 0.534 | S66: 0.609 | T66: 0.75 | U66: 0.75 | V66: 6.05 | W66: 0 | X66: 20 | Y66: 0 | Z66: 1 | AA66: 0 | AB66: =IF(AND($F66=1,$G66=1),IF(R66>S66,"V2",IF(S66>R66,"V3","동률")),"비교불가") -> V3 | AC66: =IF(AND($F66=1,$G66=1),IF(T66>U66,"V2",IF(U66>T66,"V3","동률")),"비교불가") -> 동률 | AD66: Answer: passed / Consumer Decision: answered_partial / QA Grade: cautious / Publication: review_required / Publication Reason: draft_evidence / Coverage: draft_evidence / RAG Coverage: insufficient / Answerable: False / Evidence: insufficient
A67: EBX-Q-066 | B67: 사회 / 위험 관리 (Risk Management) / 공급망 ESG 리스크 관리 | C67: 공급망 책임 관리 / 공급망 ESG 리스크 관리 | D67: 대웅제약은 ESG 팀 내에 공급망 관리를 전담하는 역할을 명확히 설정하여 지속가능한 공급망 생태계 구축을 추진하고 있습니다. 협력회사의 사업 경쟁력 향상과 더불어 노동인권, 안전보건, 환경, 윤리 등 ESG 전반을 아우르는 포괄적인 관리 기준을 적용하여 지속가능한 공급망을 구축하고자 합니다. 공급망 내에서 발생할 수 있는 다양한 지속가능성 리스크를 사전에 식별하고 관리하기 위해 실사 의무를 공급망 리스크 관리 체계에 통합하고 있으며, 협력회사가 자율적으로 행동규범을 이행하고 지속가능경영을 실천할 수 있도록 적극적으로 지원하고 있습니다. 아울러 단계별 공급망 관리 체계 구축 로드맵을 수립하여 운영 중입니다. 2025년부터 2026년까지는 영역별 평가 기준 마련과 운영 및 관리 체계 구축에 집중하고, 2027년부터 2028년까지는 협력회사 역량 강화 프로그램 확대 및 리스크 관리를 강화하여 체계를 고도화할 계획입니다. 이후 2029년에는 이를 자회사 및 해외 법인으로 확산하여 통합적인 공급망 관리 체계를 완성하고자 합니다. | F67: =IF(LEN(D67)>0,1,0) -> 1 | G67: =IF(LEN(E67)>0,1,0) -> 0 | H67: 521 | I67: 0 | J67: 6 | K67: 0 | L67: 86 | M67: 0 | N67: 0.397 | O67: 0 | P67: 0.9199 | Q67: 0 | R67: 0.485 | S67: 0 | T67: 1 | U67: 0 | V67: 7.68 | W67: 0 | X67: 20 | Y67: 0 | Z67: 0 | AA67: 0 | AB67: =IF(AND($F67=1,$G67=1),IF(R67>S67,"V2",IF(S67>R67,"V3","동률")),"비교불가") -> 비교불가 | AC67: =IF(AND($F67=1,$G67=1),IF(T67>U67,"V2",IF(U67>T67,"V3","동률")),"비교불가") -> 비교불가 | AD67: Answer: failed / Consumer Decision: blocked_api_status / QA Grade: failed / Publication: blocked / Publication Reason: qa_not_passed / Coverage: writer_empty / RAG Coverage: insufficient / Answerable: False / Evidence: insufficient
A68: EBX-Q-067 | B68: 사회 / 지표 (Metrics) / 협력사 ESG 평가 및 관리 현황 | C68: 공급망 책임 관리 / 협력사 ESG 평가 및 관리 현황 | D68: 대웅제약은 공급망 인권경영 체계의 실효성을 높이기 위해 매년 평가 결과와 개선 현황을 지속가능경영보고서에 공시하고 있으며, 이해관계자의 의견을 수렴하여 평가 체계를 지속적으로 고도화하고 있습니다. 협력회사를 대상으로 연 1회 정기적인 자가 설문 방식의 ESG 평가를 실시함으로써 공급망 내 잠재적 리스크를 사전에 파악하고 개선 기회를 도출하는 체계를 운영합니다. ESG 평가는 운영, 환경, 인권·노동의 3개 영역과 총 26개 세부 항목으로 구성되며, 항목별로 '예(우수), 보완(일부 운영), 아니오(미비)'의 3단계 판정 기준을 적용하여 진단합니다. 세부적으로 운영 영역에서는 ESG 경영 의지와 공급망 실사 및 모니터링, 공시 등을 평가하며, 환경 영역에서는 친환경 제품 및 공정, 기후변화, 오염 방지 등을 점검합니다. 또한 인권·노동 영역에서는 차별금지, 강제노동, 근로조건, 안전보건 및 윤리 항목을 중점적으로 확인합니다. 전체 관리 프로세스는 대상 협력사 선정, 자가진단 설문 실시, 현장방문 실사, 결과 분석 및 고위험 항목 도출, 결과 피드백 및 지원의 5단계 절차로 체계적으로 진행됩니다. 특히 평가를 통해 개선이 필요한 과제가 도출될 경우, 이를 단기와 장기로 구분하여 구체적인 이행 계획을 수립함으로써 협력사의 실질적인 ESG 역량 강화를 지원하고 있습니다. 대웅과 대웅제약 합산 기준으로 조직이 관리하고 있는 협력사 총 수는 2025년 기준 68개 사입니다. | F68: =IF(LEN(D68)>0,1,0) -> 1 | G68: =IF(LEN(E68)>0,1,0) -> 0 | H68: 717 | I68: 0 | J68: 8 | K68: 0 | L68: 88.8 | M68: 0 | N68: 0.212 | O68: 0 | P68: 0.9318 | Q68: 0 | R68: 0.548 | S68: 0 | T68: 1 | U68: 0 | V68: 4.18 | W68: 0 | X68: 12 | Y68: 0 | Z68: 0 | AA68: 0 | AB68: =IF(AND($F68=1,$G68=1),IF(R68>S68,"V2",IF(S68>R68,"V3","동률")),"비교불가") -> 비교불가 | AC68: =IF(AND($F68=1,$G68=1),IF(T68>U68,"V2",IF(U68>T68,"V3","동률")),"비교불가") -> 비교불가 | AD68: Answer: failed / Consumer Decision: blocked_api_status / QA Grade: failed / Publication: blocked / Publication Reason: qa_not_passed / Coverage: writer_empty / RAG Coverage: insufficient / Answerable: False / Evidence: insufficient
A69: EBX-Q-068 | B69: 사회 / 전략 (Strategy) / 사회공헌 및 지역사회 참여 정책 | C69: 지역사회 임팩트 / 사회공헌 및 지역사회 참여 정책 | D69: 대웅제약은 사회적 책임과 첨단 기술을 결합하여 지역사회의 문제를 해결하는 ESG 경영을 추진하고 있습니다. 특히 의료 접근성이 낮은 소외지역의 건강 격차를 해소하기 위해 디지털 헬스케어 기술을 활용한 현장 의료 지원을 실시하며, 해당 지역에 지속 가능한 디지털 헬스케어 서비스를 제공하는 것을 목표로 하고 있습니다. 이를 위해 파트너사와의 협력을 통해 사회공헌 활동을 확대하고 ESG 가치를 일상에서 실천함으로써 지역사회와의 신뢰 관계를 더욱 공고히 구축해 나갈 계획입니다. | F69: =IF(LEN(D69)>0,1,0) -> 1 | G69: =IF(LEN(E69)>0,1,0) -> 0 | H69: 265 | I69: 0 | J69: 3 | K69: 0 | L69: 87.7 | M69: 0 | N69: 0.265 | O69: 0 | P69: 0.8967 | Q69: 0 | R69: 0.455 | S69: 0 | T69: 0.5 | U69: 0 | V69: 3.77 | W69: 0 | X69: 0 | Y69: 0 | Z69: 0 | AA69: 0 | AB69: =IF(AND($F69=1,$G69=1),IF(R69>S69,"V2",IF(S69>R69,"V3","동률")),"비교불가") -> 비교불가 | AC69: =IF(AND($F69=1,$G69=1),IF(T69>U69,"V2",IF(U69>T69,"V3","동률")),"비교불가") -> 비교불가 | AD69: Answer: empty / Consumer Decision: blocked_api_status / QA Grade: failed / Publication: blocked / Publication Reason: unaccepted_answer_status / Coverage: writer_empty / RAG Coverage: insufficient / Answerable: False / Evidence: insufficient
A70: EBX-Q-069 | B70: 사회 / 거버넌스 (Governance) / 사회공헌 관리 조직 및 체계 | C70: 지역사회 임팩트 / 사회공헌 관리 조직 및 체계 | F70: =IF(LEN(D70)>0,1,0) -> 0 | G70: =IF(LEN(E70)>0,1,0) -> 0 | H70: 0 | I70: 0 | J70: 0 | K70: 0 | L70: 0 | M70: 0 | N70: 0 | O70: 0 | P70: 0 | Q70: 0 | R70: 0 | S70: 0 | T70: 0 | U70: 0 | V70: 0 | W70: 0 | X70: 0 | Y70: 0 | Z70: 0 | AA70: 0 | AB70: =IF(AND($F70=1,$G70=1),IF(R70>S70,"V2",IF(S70>R70,"V3","동률")),"비교불가") -> 비교불가 | AC70: =IF(AND($F70=1,$G70=1),IF(T70>U70,"V2",IF(U70>T70,"V3","동률")),"비교불가") -> 비교불가 | AD70: Answer: failed / Consumer Decision: blocked_qa / QA Grade: failed / Publication: blocked / Publication Reason: qa_not_passed / Coverage: writer_empty / RAG Coverage: partial / Answerable: True / Evidence: medium_confidence
A71: EBX-Q-070 | B71: 사회 / 위험 관리 (Risk Management) / 지역사회 영향 및 관계 관리 | C71: 지역사회 임팩트 / 지역사회 영향 및 관계 관리 | D71: 대웅제약은 정의로운 전환을 위한 정책과 절차 및 책임을 규정하여 사업 활동이 지역사회에 미치는 영향을 체계적으로 관리하고 있습니다. 특히 정의로운 전환 과정에서 지역사회에 미치는 영향을 사전에 평가하고, 이를 바탕으로 지역사회의 요구를 반영한 실질적인 조치를 취함으로써 이해관계자와의 관계를 관리합니다. 또한 전환 과정에서 발생할 수 있는 고용 손실을 최소화하기 위한 구체적인 계획을 수립하여 운영하고 있습니다. 영향을 받는 노동자를 대상으로 재취업 교육이나 기술 훈련 등을 제공함으로써 사회적 충격을 완화하고 지역사회의 지속 가능성을 높이는 데 주력하고 있습니다. | E71: 대웅제약은 정의로운 전환 과정에서 지역사회에 미치는 영향을 사전에 평가하고, 지역사회의 요구를 반영한 조치를 취하고 있습니다. | F71: =IF(LEN(D71)>0,1,0) -> 1 | G71: =IF(LEN(E71)>0,1,0) -> 1 | H71: 316 | I71: 70 | J71: 4 | K71: 1 | L71: 78.2 | M71: 70 | N71: 0.167 | O71: 0 | P71: 0.9227 | Q71: 1 | R71: 0.399 | S71: 0.8 | T71: 1 | U71: 0.5 | V71: 9.49 | W71: 0 | X71: 0 | Y71: 0 | Z71: 0 | AA71: 0 | AB71: =IF(AND($F71=1,$G71=1),IF(R71>S71,"V2",IF(S71>R71,"V3","동률")),"비교불가") -> V3 | AC71: =IF(AND($F71=1,$G71=1),IF(T71>U71,"V2",IF(U71>T71,"V3","동률")),"비교불가") -> V2 | AD71: Answer: passed / Consumer Decision: answered_partial / QA Grade: partial / Publication: review_required / Publication Reason: missing_expected_facets / Coverage: missing_expected_facets / RAG Coverage: insufficient / Answerable: False / Evidence: insufficient
A72: EBX-Q-071 | B72: 사회 / 지표 (Metrics) / 사회공헌 활동 및 투자 현황 | C72: 지역사회 임팩트 / 사회공헌 활동 및 투자 현황 | D72: 대웅제약은 지역사회의 실질적인 어려움을 해결하고 사회적 가치를 창출하기 위해 맞춤형 사회공헌 활동을 전개하고 있습니다. 특히 재난 피해 지역의 조속한 일상 회복을 돕기 위해 경북, 경남, 울산 지역의 대형 산불 피해 이재민을 대상으로 구호 활동을 수행하였습니다. 안동, 의성, 청송, 영양, 영덕 등 5개 시군에 걸쳐 의약품 약 5,000개, 공산품 1만여 개, 건강기능식품 약 5,000개로 구성된 총 5,000세트의 구호 물품을 임시 조립주택 거주자에게 전달하였으며, 이를 통해 임시 시설에서 생활 중인 약 4,200명의 수혜자가 건강한 일상으로 복귀할 수 있도록 지원하였습니다. 이러한 사회적 책임 이행 노력은 투자 규모와 임직원 참여도의 지속적인 증가로 나타나고 있습니다. 2025년 기준 매출액 대비 사회공헌 투자 비율은 0.434501847411701%를 기록하며 2022년 0.024841987427882545%, 2023년 0.2%, 2024년 0.2508848478230885% 대비 꾸준한 상승세를 보이고 있습니다. 임직원의 자발적인 참여 또한 활성화되어 2025년 연간 참여 인원은 35.0명, 총 참여 시간은 280.0시간을 달성하였습니다. 특히 1인당 참여 시간은 2023년과 2024년 2.0시간에서 2025년 8.0시간으로 크게 확대되어, 임직원들이 지역사회 임팩트 창출에 더욱 깊이 있게 기여하고 있는 것으로 확인됩니다. | E72: 대웅제약은 지역사회 건강 불균형 해소와 취약계층 지원을 위한 사회공헌 활동을 전개하고 있습니다. 고려대학교안산병원과 협업하여 의료 사각지대인 도서 지역(육도) 취약계층을 대상으로 지역사회 연계형 의료복지 사회공헌사업을 실행하였습니다. | F72: =IF(LEN(D72)>0,1,0) -> 1 | G72: =IF(LEN(E72)>0,1,0) -> 1 | H72: 699 | I72: 130 | J72: 7 | K72: 2 | L72: 99 | M72: 64.5 | N72: 0.428 | O72: 0.178 | P72: 0.8862 | Q72: 0.9615 | R72: 0.317 | S72: 0.417 | T72: 0.75 | U72: 0.5 | V72: 0 | W72: 0 | X72: 116 | Y72: 0 | Z72: 0 | AA72: 0 | AB72: =IF(AND($F72=1,$G72=1),IF(R72>S72,"V2",IF(S72>R72,"V3","동률")),"비교불가") -> V3 | AC72: =IF(AND($F72=1,$G72=1),IF(T72>U72,"V2",IF(U72>T72,"V3","동률")),"비교불가") -> V2 | AD72: Answer: passed / Consumer Decision: answered / QA Grade: full / Publication: published / Publication Reason: complete_grounded_answer / Coverage: complete_grounded_answer / RAG Coverage: complete / Answerable: True / Evidence: high_confidence
A73: EBX-Q-072 | B73: 거버넌스 / 전략 (Strategy) / 이사회 내 위원회 운영 정책 | C73: 위원회 운영 / 이사회 내 위원회 운영 정책 | D73: 각 위원회의 구성과 권한, 운영에 관한 세부 사항은 이사회의 결의를 통해 결정하며, 위원회 운영 전반에 대해서는 관련 내부 규정을 준용하여 관리합니다. 위원회 구성의 경우, 일반적인 위원회는 2인 이상의 이사로 구성하는 것을 원칙으로 합니다. 이사회는 위원회의 설치와 위원의 선임 및 해임에 관한 권한을 가지며, 이와 더불어 대표이사의 선임 및 해임, 주주총회의 승인을 요하는 사항의 제안, 그리고 정관에서 정하는 주요 사항들을 심의하고 결정하는 체계를 갖추고 있습니다. | E73: 대웅은 신속하고 효율적인 의사결정을 위하여 정관이 정한 바에 따라 이사회 내에 인사보상위원회, 감사위원회, 독립이사후보추천위원회 및 기타 각종 위원회를 설치할 수 있습니다. 위원회는 2인 이상의 이사로 구성하되, 감사위원회의 경우에는 3인 이상의 이사로 구성하며, 위원회 결의를 통해 위원회를 대표할 자를 선정합니다. 각 위원회의 구성, 권한, 운영 및 세부 운영에 관한 사항은 이사회의 결의로 정합니다. | F73: =IF(LEN(D73)>0,1,0) -> 1 | G73: =IF(LEN(E73)>0,1,0) -> 1 | H73: 263 | I73: 226 | J73: 3 | K73: 3 | L73: 87 | M73: 74.7 | N73: 0.362 | O73: 0.267 | P73: 0.945 | Q73: 0.9096 | R73: 0.342 | S73: 0.669 | T73: 0.75 | U73: 0.75 | V73: 0 | W73: 0 | X73: 1 | Y73: 2 | Z73: 0 | AA73: 0 | AB73: =IF(AND($F73=1,$G73=1),IF(R73>S73,"V2",IF(S73>R73,"V3","동률")),"비교불가") -> V3 | AC73: =IF(AND($F73=1,$G73=1),IF(T73>U73,"V2",IF(U73>T73,"V3","동률")),"비교불가") -> 동률 | AD73: Answer: passed / Consumer Decision: answered_partial / QA Grade: partial / Publication: review_required / Publication Reason: partial_answer / Coverage: partial_answer / RAG Coverage: insufficient / Answerable: False / Evidence: insufficient
A74: EBX-Q-073 | B74: 거버넌스 / 거버넌스 (Governance) / 위원회 구성 및 운영 체계 | C74: 위원회 운영 / 위원회 구성 및 운영 체계 | D74: 대웅제약은 이사회 산하 위원회를 통해 경영 의사결정의 전문성을 강화하고 기업 거버넌스의 투명성을 제고하고 있습니다. 위원회는 2인 이상의 이사로 구성하여 운영하며, 각 위원회는 자체 결의를 통해 위원회를 대표할 자를 선정함으로써 책임 있는 운영 체계를 유지하고 있습니다. 위원회는 기업 경영의 핵심적인 사항을 심의하고 감독하기 위해 주주총회의 승인이 필요한 사항에 대한 제안권을 행사하며, 대표이사의 선임 및 해임과 같은 주요 인사 결정 과정에 참여하여 경영진에 대한 견제와 균형을 도모합니다. 또한, 조직의 효율적인 운영을 위해 새로운 위원회의 설치와 위원의 선임 및 해임을 결정하며, 정관에서 정하는 주요 제반 사항들을 면밀히 검토하고 심의하는 역할을 수행합니다. 위원회 운영의 독립성과 체계적인 관리를 위해 세부적인 운영 방식에 관한 사항은 이사회에서 별도로 정하여 시행하고 있습니다. | E74: 대웅제약의 위원회는 2인 이상의 이사로 구성하며, 감사위원회의 경우에는 3인 이상의 이사로 구성합니다. 위원회는 결의를 통해 위원회를 대표할 자를 선정하며, 세부 운영에 관한 사항은 이사회에서 별도로 정합니다. | F74: =IF(LEN(D74)>0,1,0) -> 1 | G74: =IF(LEN(E74)>0,1,0) -> 1 | H74: 442 | I74: 117 | J74: 5 | K74: 2 | L74: 87.6 | M74: 58 | N74: 0.247 | O74: 0.017 | P74: 0.935 | Q74: 0.8846 | R74: 0.172 | S74: 0.564 | T74: 1 | U74: 0.75 | V74: 4.52 | W74: 0 | X74: 1 | Y74: 2 | Z74: 0 | AA74: 0 | AB74: =IF(AND($F74=1,$G74=1),IF(R74>S74,"V2",IF(S74>R74,"V3","동률")),"비교불가") -> V3 | AC74: =IF(AND($F74=1,$G74=1),IF(T74>U74,"V2",IF(U74>T74,"V3","동률")),"비교불가") -> V2 | AD74: Answer: passed / Consumer Decision: answered_partial / QA Grade: partial / Publication: review_required / Publication Reason: missing_expected_facets / Coverage: missing_expected_facets / RAG Coverage: insufficient / Answerable: False / Evidence: insufficient
A75: EBX-Q-074 | B75: 거버넌스 / 위험 관리 (Risk Management) / 위원회 운영 관련 리스크 관리 | C75: 위원회 운영 / 위원회 운영 관련 리스크 관리 | D75: 해당 위원회는 모든 신규 내부거래 항목을 비롯하여 기존 거래 중 시장가 등 가격이나 거래 관계의 역할이 변경된 항목에 대해 심의 및 의결을 수행합니다. 또한 분기별로 내부거래 현황과 점검 결과를 보고받으며, 내·외부 정기점검을 통해 리스크가 있다고 판단되는 거래에 대해서는 재심의 및 시정조치를 건의함으로써 위원회 운영의 실효성과 리스크 관리 체계를 강화하고 있습니다. | F75: =IF(LEN(D75)>0,1,0) -> 1 | G75: =IF(LEN(E75)>0,1,0) -> 0 | H75: 206 | I75: 0 | J75: 2 | K75: 0 | L75: 102.5 | M75: 0 | N75: 0.18 | O75: 0 | P75: 0.9479 | Q75: 0 | R75: 0.416 | S75: 0 | T75: 0.8 | U75: 0 | V75: 4.85 | W75: 0 | X75: 0 | Y75: 0 | Z75: 0 | AA75: 0 | AB75: =IF(AND($F75=1,$G75=1),IF(R75>S75,"V2",IF(S75>R75,"V3","동률")),"비교불가") -> 비교불가 | AC75: =IF(AND($F75=1,$G75=1),IF(T75>U75,"V2",IF(U75>T75,"V3","동률")),"비교불가") -> 비교불가 | AD75: Answer: failed / Consumer Decision: blocked_qa / QA Grade: failed / Publication: blocked / Publication Reason: qa_not_passed / Coverage: writer_empty / RAG Coverage: complete / Answerable: True / Evidence: high_confidence
A76: EBX-Q-075 | B76: 거버넌스 / 지표 (Metrics) / 위원회 개최 및 활동 현황 | C76: 위원회 운영 / 위원회 개최 및 활동 현황 | D76: 대웅제약 대표이사가 위원장을 맡고 있는 EHS경영위원회는 그룹사별 환경안전보건 운영 전략과 주요 이슈 및 개선사항을 심의하는 의사결정 기구로 운영되고 있습니다. 해당 위원회는 반기 1회 이상 정기적으로 개최하며 필요 시 수시로 소집하고 있으며, 2025년에는 3월 20일과 10월 22일에 각각 회의를 진행하였습니다. 위원회 활동을 통해 상반기 11개, 하반기 12개로 총 23개의 안건을 논의하였으며, 주요 심의 사항으로는 환경안전보건 사업계획 및 거버넌스 현황, 탄소중립 및 에너지 절감 성과 보고, 임직원 안전사고 재발방지 방안 등이 다루어졌습니다. 아울러 대표이사를 포함한 6인으로 구성된 대웅그룹 이사회는 매년 그룹사의 환경안전 경영방침과 조직 현황, 활동 실적, KPI, 예산 및 환경안전보건 사업계획 등을 검토하고 승인하고 있습니다. EHS경영위원회는 매년 2회 이상 환경안전보건 활동 결과를 이사회에 보고함으로써 전사적인 환경안전보건 경영 체계를 공고히 하고 있습니다. | E76: 주요 심의 안건으로는 환경안전보건 사업계획, 환경안전보건 거버넌스 현황, 탄소중립 및 에너지절감 성과보고, 임직원 안전사고 재발방지 방안 등이 포함되었습니다. | F76: =IF(LEN(D76)>0,1,0) -> 1 | G76: =IF(LEN(E76)>0,1,0) -> 1 | H76: 494 | I76: 88 | J76: 5 | K76: 1 | L76: 98 | M76: 88 | N76: 0.199 | O76: 0 | P76: 0.9585 | Q76: 0.9444 | R76: 0.476 | S76: 0.787 | T76: 1 | U76: 0.25 | V76: 0 | W76: 0 | X76: 20 | Y76: 0 | Z76: 0 | AA76: 0 | AB76: =IF(AND($F76=1,$G76=1),IF(R76>S76,"V2",IF(S76>R76,"V3","동률")),"비교불가") -> V3 | AC76: =IF(AND($F76=1,$G76=1),IF(T76>U76,"V2",IF(U76>T76,"V3","동률")),"비교불가") -> V2 | AD76: Answer: passed / Consumer Decision: answered / QA Grade: full / Publication: published / Publication Reason: complete_grounded_answer / Coverage: complete_grounded_answer / RAG Coverage: complete / Answerable: True / Evidence: high_confidence
A77: EBX-Q-076 | B77: 거버넌스 / 전략 (Strategy) / 이사회 구성 및 독립성 정책 | C77: 이사회 구성 / 이사회 구성 및 독립성 정책 | D77: 대웅제약은 이사회의 독립성과 전문성을 체계적으로 확보하여 투명한 경영 체계를 구축하기 위해 명확한 구성 원칙과 운영 정책을 수립하여 시행하고 있습니다. 이사회는 최소 3명에서 최대 9명 이내의 이사로 구성하며, 특히 이사 총수의 3분의 1 이상을 독립이사로 선임함으로써 경영진에 대한 실질적인 감시와 견제 기능을 강화하고 의사결정의 객관성을 높이는 데 주력하고 있습니다. 이사의 임기 관리 측면에서는 보선에 의해 선임된 이사의 임기를 전임자의 잔여 임기로 규정함으로써 이사회 운영의 일관성과 연속성을 유지하고 있습니다. 이는 갑작스러운 이사 결원 발생 시에도 안정적인 거버넌스 체계를 유지하고 경영 공백을 최소화하기 위한 조치입니다. 더불어 이사회 내 설치된 위원회의 전문성과 독립성을 보장하기 위해 구체적인 구성 기준을 적용하고 있습니다. 위원회 위원의 선임과 해임 권한은 이사회에 부여하여 절차적 정당성을 확보하고 있으며, 각 위원회는 2인 이상의 이사로 구성하는 것을 원칙으로 합니다. 특히 위원회 구성원의 과반수를 독립이사로 배치하도록 하여, 특정 이해관계에 얽매이지 않는 독립적인 심의와 의결이 이루어질 수 있는 거버넌스 체계를 구축하고 있습니다. 이러한 이사회 및 위원회의 구성 정책은 기업 경영의 투명성을 제고하고 주주 가치를 보호하기 위한 전략적 기반이 되고 있습니다. | E77: 대웅의 이사회는 3명 이상 9명 이내의 이사로 구성하며, 이사 총수의 3분의 1 이상을 독립이사로 구성하여 독립성을 확보하고 있습니다. 또한, 독립이사 후보추천위원회는 2인 이상의 이사로 구성하되 위원의 과반수를 독립이사로 선임하며, 상법상 권리를 행사할 수 있는 요건을 갖춘 주주가 추천한 후보를 포함하여 후보자를 결정합니다. | F77: =IF(LEN(D77)>0,1,0) -> 1 | G77: =IF(LEN(E77)>0,1,0) -> 1 | H77: 662 | I77: 183 | J77: 8 | K77: 2 | L77: 81.9 | M77: 91 | N77: 0.226 | O77: 0.176 | P77: 0.9692 | Q77: 0.95 | R77: 0.097 | S77: 0.508 | T77: 1 | U77: 0.75 | V77: 4.53 | W77: 0 | X77: 5 | Y77: 5 | Z77: 0 | AA77: 0 | AB77: =IF(AND($F77=1,$G77=1),IF(R77>S77,"V2",IF(S77>R77,"V3","동률")),"비교불가") -> V3 | AC77: =IF(AND($F77=1,$G77=1),IF(T77>U77,"V2",IF(U77>T77,"V3","동률")),"비교불가") -> V2 | AD77: Answer: passed / Consumer Decision: answered_partial / QA Grade: partial / Publication: review_required / Publication Reason: partial_answer / Coverage: partial_answer / RAG Coverage: insufficient / Answerable: False / Evidence: insufficient
A78: EBX-Q-077 | B78: 거버넌스 / 거버넌스 (Governance) / 이사회 운영 체계 | C78: 이사회 구성 / 이사회 운영 체계 | D78: 대웅제약의 이사회는 이사 전원으로 구성되며, 회사의 업무집행 및 주요 사항을 의결하는 역할을 수행합니다. 이사회의 운영과 관련한 세부 사항은 법령 또는 정관에 정해진 것 외에는 내부 규정에 따라 관리하고 있습니다. 이사회 회의 체계는 운영 목적과 성격에 따라 정기이사회와 임시이사회로 구분하여 운영하고 있습니다. 이를 통해 이사회는 구성원 전원이 참여하여 회사의 주요 의사결정 사항을 심의하고 의결함으로써 책임 있는 경영 감독 체계를 유지하고 있습니다. | E78: 대웅의 이사회는 이사 전원으로 구성됩니다. 이사회의 의장은 이사회에서 정하며, 의장 유고 시에는 의장이 이사가 직무를 대행하거나 이사회에서 이사가 대행합니다. 또한, 이사회는 제반 업무 처리를 위해 의장이 지명하는 간사 1인을 둘 수 있습니다. | F78: =IF(LEN(D78)>0,1,0) -> 1 | G78: =IF(LEN(E78)>0,1,0) -> 1 | H78: 253 | I78: 136 | J78: 4 | K78: 3 | L78: 62.5 | M78: 44.7 | N78: 0.147 | O78: 0.377 | P78: 0.95 | Q78: 0.875 | R78: 0.244 | S78: 0.426 | T78: 1 | U78: 0.333 | V78: 3.95 | W78: 0 | X78: 0 | Y78: 1 | Z78: 0 | AA78: 0 | AB78: =IF(AND($F78=1,$G78=1),IF(R78>S78,"V2",IF(S78>R78,"V3","동률")),"비교불가") -> V3 | AC78: =IF(AND($F78=1,$G78=1),IF(T78>U78,"V2",IF(U78>T78,"V3","동률")),"비교불가") -> V2 | AD78: Answer: passed / Consumer Decision: answered_partial / QA Grade: partial / Publication: review_required / Publication Reason: missing_expected_facets / Coverage: missing_expected_facets / RAG Coverage: insufficient / Answerable: False / Evidence: insufficient
A79: EBX-Q-078 | B79: 거버넌스 / 위험 관리 (Risk Management) / 이사회 운영 관련 리스크 관리 | C79: 이사회 구성 / 이사회 운영 관련 리스크 관리 | D79: 대웅제약은 이사회의 독립성을 유지하고 경영진의 의사결정을 객관적으로 검토하여 합리적인 견제 역할을 수행함으로써 이사회 운영 관련 리스크를 관리하고 있습니다. 특히 재무적 관점과 기술적 관점을 통합한 R&D 투자 효율성 및 리스크 관리 역량을 보유하여, 신약 파이프라인의 연구 개발 과정에서 발생 가능한 리스크를 선제적으로 파악하고 이에 대응하는 전략 수립에 기여하고 있습니다. | E79: 대웅제약은 사외이사의 리스크 관리 수행, 경영진 감독, 안건 검토 수준 및 전문성 기반 자문 등을 종합적으로 고려하여 이사회 평가를 실시하고 있습니다. 특히 R&D 위원회 활동을 통해 신약 파이프라인의 연구 개발 과정에서 발생 가능한 리스크를 선제적으로 파악하고 대응 전략 수립에 기여하며, 경영진의 의사결정을 객관적으로 검토하여 합리적인 견제 역할을 수행함으로써 이사회의 독립성을 유지하고 리스크를 관리하고 있습니다. | F79: =IF(LEN(D79)>0,1,0) -> 1 | G79: =IF(LEN(E79)>0,1,0) -> 1 | H79: 210 | I79: 234 | J79: 2 | K79: 2 | L79: 104.5 | M79: 116.5 | N79: 0.167 | O79: 0.279 | P79: 0.975 | Q79: 0.9938 | R79: 0.592 | S79: 0.637 | T79: 1 | U79: 0.6 | V79: 0 | W79: 0 | X79: 0 | Y79: 0 | Z79: 0 | AA79: 0 | AB79: =IF(AND($F79=1,$G79=1),IF(R79>S79,"V2",IF(S79>R79,"V3","동률")),"비교불가") -> V3 | AC79: =IF(AND($F79=1,$G79=1),IF(T79>U79,"V2",IF(U79>T79,"V3","동률")),"비교불가") -> V2 | AD79: Answer: passed / Consumer Decision: answered_partial / QA Grade: full / Publication: review_required / Publication Reason: human_review_required / Coverage: complete_grounded_answer / RAG Coverage: partial / Answerable: True / Evidence: thin_but_usable
A80: EBX-Q-079 | B80: 거버넌스 / 지표 (Metrics) / 이사회 구성 및 활동 현황 | C80: 이사회 구성 / 이사회 구성 및 활동 현황 | D80: 대웅제약의 이사회는 대표이사를 포함하여 구성되어 있으며, 2025년 기준 총 7명의 이사로 운영하며 기업 경영의 핵심적인 의사결정을 수행하고 있습니다. 이사회는 기업의 지속가능한 성장을 위해 매년 대웅 그룹사의 환경안전 경영방침을 비롯하여 조직현황, 활동실적, KPI, 예산 및 환경안전보건사업계획 등을 면밀히 검토하고 승인함으로써 전사적인 경영 관리 체계를 강화하고 있습니다. 또한, 환경안전보건 분야의 신속하고 효율적인 의사결정을 지원하기 위해 대웅제약 대표이사가 위원장을 맡는 EHS경영위원회를 별도로 운영하고 있습니다. EHS경영위원회는 반기 1회 이상 정기적으로 개최하는 것을 원칙으로 하며, 필요 시 수시 소집을 통해 그룹사별 EHS 운영 전략과 주요 이슈 및 개선사항에 대해 심도 있게 심의합니다. 2025년에는 상반기 3월 20일과 하반기 10월 22일에 위원회를 개최하여 실질적인 환경안전보건 경영 활동을 추진하였으며, 이를 통해 그룹 전반의 안전보건 관리 수준을 제고하고 리스크 대응 역량을 강화하고 있습니다. | F80: =IF(LEN(D80)>0,1,0) -> 1 | G80: =IF(LEN(E80)>0,1,0) -> 0 | H80: 519 | I80: 0 | J80: 5 | K80: 0 | L80: 103 | M80: 0 | N80: 0.177 | O80: 0 | P80: 0.978 | Q80: 0 | R80: 0.332 | S80: 0 | T80: 1 | U80: 0 | V80: 7.71 | W80: 0 | X80: 17 | Y80: 0 | Z80: 0 | AA80: 0 | AB80: =IF(AND($F80=1,$G80=1),IF(R80>S80,"V2",IF(S80>R80,"V3","동률")),"비교불가") -> 비교불가 | AC80: =IF(AND($F80=1,$G80=1),IF(T80>U80,"V2",IF(U80>T80,"V3","동률")),"비교불가") -> 비교불가 | AD80: Answer: failed / Consumer Decision: blocked_qa / QA Grade: failed / Publication: blocked / Publication Reason: qa_not_passed / Coverage: writer_empty / RAG Coverage: complete / Answerable: True / Evidence: high_confidence
A81: EBX-Q-080 | B81: 거버넌스 / 전략 (Strategy) / ESG 운영 체계 및 추진 전략 | C81: ESG 운영 체계 / ESG 운영 체계 및 추진 전략 | D81: 대웅제약은 공정거래 관련 법규를 자율적으로 준수하고 투명한 경영 환경을 조성하기 위해 CP(공정거래자율준수프로그램)를 운영하고 있습니다. 이를 위해 CP 전담조직을 중심으로 교육, 모니터링, 제재, 평가로 이어지는 통합적인 관리 체계를 구축하여 준법 경영의 실효성을 확보하고 있습니다. 실행 단계에서는 CP위원회를 통해 주요 의사결정을 수행하며, 제품설명회에 대한 상시 점검을 실시하여 현장의 법규 준수 여부를 면밀히 관리하고 있습니다. 특히 규정 위반자에 대해서는 엄격한 징계조치를 수행함으로써 내부 통제 기능을 강화하고 전사적인 자율 준수 문화를 정착시키는 데 주력하고 있습니다. | F81: =IF(LEN(D81)>0,1,0) -> 1 | G81: =IF(LEN(E81)>0,1,0) -> 0 | H81: 326 | I81: 0 | J81: 4 | K81: 0 | L81: 80.8 | M81: 0 | N81: 0.037 | O81: 0 | P81: 0.9515 | Q81: 0 | R81: 0.307 | S81: 0 | T81: 0.4 | U81: 0 | V81: 6.13 | W81: 0 | X81: 0 | Y81: 0 | Z81: 0 | AA81: 0 | AB81: =IF(AND($F81=1,$G81=1),IF(R81>S81,"V2",IF(S81>R81,"V3","동률")),"비교불가") -> 비교불가 | AC81: =IF(AND($F81=1,$G81=1),IF(T81>U81,"V2",IF(U81>T81,"V3","동률")),"비교불가") -> 비교불가 | AD81: Answer: empty / Consumer Decision: blocked_api_status / QA Grade: failed / Publication: blocked / Publication Reason: unaccepted_answer_status / Coverage: writer_empty / RAG Coverage: insufficient / Answerable: False / Evidence: insufficient
A82: EBX-Q-081 | B82: 거버넌스 / 거버넌스 (Governance) / ESG 전담 조직 및 관리 체계 | C82: ESG 운영 체계 / ESG 전담 조직 및 관리 체계 | D82: 대웅제약은 이사회의 최종 감독 하에 ESG경영위원회가 공급망 지속가능 경영의 방향성을 수립하는 거버넌스 체계를 운영하고 있습니다. 실무 추진을 위해 ESG 팀 내에 공급망 관리를 전담하는 역할을 명확히 설정하였으며, ESG 전담부서와 구매·조달 부서가 긴밀하게 협업하여 실행력을 확보하고 있습니다. 또한, 지속가능한 공급망 생태계 구축을 목표로 단계별 로드맵을 추진하고 있습니다. 2025년부터 2026년까지는 영역별 평가 기준 마련과 운영 및 관리 체계, 공급망 관리 체계를 구축하고, 2027년부터 2028년까지는 협력회사 역량 강화 프로그램 확대와 리스크 관리 강화 및 체계 고도화를 추진할 계획입니다. 이후 2029년에는 이를 자회사 및 해외 법인으로 확산하여 통합적인 공급망 관리 체계를 완성하고자 합니다. | E82: 대웅제약은 이사회의 최종 감독 아래 ESG경영위원회가 ESG 경영의 방향성을 수립하고, ESG 전담부서가 실무를 수행하는 관리 체계를 운영하고 있습니다. 특히 공급망 지속가능 경영을 위해 ESG 팀 내에 전담 역할을 설정하여 구매 조달 부서와 긴밀하게 협업하고 있습니다. 또한, 공정거래 자율준수프로그램(CP) 운영을 위해 9명 규모의 CP 전담조직을 중심으로 교육, 모니터링, 제재, 평가 체계를 구축하여 준법경영을 강화하고 있습니다. | F82: =IF(LEN(D82)>0,1,0) -> 1 | G82: =IF(LEN(E82)>0,1,0) -> 1 | H82: 400 | I82: 244 | J82: 5 | K82: 3 | L82: 79.2 | M82: 80.7 | N82: 0.362 | O82: 0.142 | P82: 0.8789 | Q82: 0.8953 | R82: 0.471 | S82: 0.574 | T82: 0.8 | U82: 1 | V82: 7.5 | W82: 8.2 | X82: 20 | Y82: 1 | Z82: 0 | AA82: 0 | AB82: =IF(AND($F82=1,$G82=1),IF(R82>S82,"V2",IF(S82>R82,"V3","동률")),"비교불가") -> V3 | AC82: =IF(AND($F82=1,$G82=1),IF(T82>U82,"V2",IF(U82>T82,"V3","동률")),"비교불가") -> V3 | AD82: Answer: passed / Consumer Decision: answered_partial / QA Grade: partial / Publication: review_required / Publication Reason: missing_expected_facets / Coverage: missing_expected_facets / RAG Coverage: complete / Answerable: True / Evidence: high_confidence
A83: EBX-Q-082 | B83: 거버넌스 / 위험 관리 (Risk Management) / ESG 운영 관련 리스크 관리 | C83: ESG 운영 체계 / ESG 운영 관련 리스크 관리 | D83: 대웅제약은 ESG 경영 체계의 안정적인 실행과 잠재적 리스크 최소화를 위해 리스크 유형별 관리 정책을 수립하고 전문적인 대응 체계를 운영하고 있습니다. 법규 및 윤리 리스크 관리를 위해 국내외 법규와 규정을 철저히 준수하고 기업 윤리를 강화함으로써 법적 리스크를 최소화하는 데 주력하고 있습니다. 특히 부패 방지에 대한 국내외 요구사항에 선제적으로 대응하기 위해 ISO 37001(부패방지경영시스템) 인증을 취득하였으며, 이를 통해 국제 표준에 기반한 경영 시스템을 구축하고 실질적인 운영을 이어가고 있습니다. 운영 리스크 관리 측면에서는 에너지 경영의 효율성을 높이고 체계적인 관리 기반을 마련하고자 ISO 50001(에너지경영시스템) 인증을 신규로 취득하여 운영 리스크 대응 역량을 강화하였습니다. 또한, 중대재해 발생 시 신속하고 체계적인 대응을 통해 리스크를 완화하기 위해 CEO가 TFT장을 맡는 중대재해 TFT를 구성하여 운영하고 있습니다. 해당 조직은 지휘팀, 조사팀, 대응팀, 지원팀의 4개 팀으로 역할을 세분화하여 편성하였습니다. 이를 통해 위험 요소의 도출부터 현장 보존 및 통제, 사고 조사 지원, 언론 모니터링을 통한 대외 대응, 인력 및 자금 지원을 포함한 보상 협의, 그리고 법무실의 상시 지원체계에 이르기까지 전 과정의 리스크를 관리하고 완화 조치를 이행하고 있습니다. 아울러 대웅제약은 ESG 공시 업무의 전문성을 제고하고 대외 대응 체계를 더욱 공고히 하기 위해 2025년 공시 담당 부서를 기존 재무팀에서 IR팀으로 변경하여 운영함으로써 거버넌스 운영 리스크를 관리하고 공시 체계의 효율성을 높였습니다. | E83: 대웅제약은 국내외 법규 및 규정 준수와 기업 윤리 강화를 통해 법규 리스크를 최소화하고 있습니다. 부패 리스크에 효과적으로 대처하기 위해 ISO 37001(부패방지경영시스템) 인증을 취득하여 국제 표준 기반의 경영 시스템을 운영 중이며, 공정거래자율준수프로그램(CP)을 통해 공정경쟁 시스템 구축과 대내외 신뢰 제고를 도모하고 있습니다. 또한, 운영 리스크 관리의 일환으로 ISO 50001(에너지경영시스템) 인증을 신규 취득하였습니다. | F83: =IF(LEN(D83)>0,1,0) -> 1 | G83: =IF(LEN(E83)>0,1,0) -> 1 | H83: 803 | I83: 244 | J83: 8 | K83: 3 | L83: 99.5 | M83: 80.7 | N83: 0.281 | O83: 0.459 | P83: 0.9416 | Q83: 0.9283 | R83: 0.344 | S83: 0.559 | T83: 0.8 | U83: 0.6 | V83: 3.74 | W83: 0 | X83: 15 | Y83: 10 | Z83: 0 | AA83: 0 | AB83: =IF(AND($F83=1,$G83=1),IF(R83>S83,"V2",IF(S83>R83,"V3","동률")),"비교불가") -> V3 | AC83: =IF(AND($F83=1,$G83=1),IF(T83>U83,"V2",IF(U83>T83,"V3","동률")),"비교불가") -> V2 | AD83: Answer: passed / Consumer Decision: answered_partial / QA Grade: partial / Publication: review_required / Publication Reason: missing_expected_facets / Coverage: missing_expected_facets / RAG Coverage: complete / Answerable: True / Evidence: medium_confidence
A84: EBX-Q-083 | B84: 거버넌스 / 지표 (Metrics) / ESG 운영 성과 및 목표 이행 현황 | C84: ESG 운영 체계 / ESG 운영 성과 및 목표 이행 현황 | F84: =IF(LEN(D84)>0,1,0) -> 0 | G84: =IF(LEN(E84)>0,1,0) -> 0 | H84: 0 | I84: 0 | J84: 0 | K84: 0 | L84: 0 | M84: 0 | N84: 0 | O84: 0 | P84: 0 | Q84: 0 | R84: 0 | S84: 0 | T84: 0 | U84: 0 | V84: 0 | W84: 0 | X84: 0 | Y84: 0 | Z84: 0 | AA84: 0 | AB84: =IF(AND($F84=1,$G84=1),IF(R84>S84,"V2",IF(S84>R84,"V3","동률")),"비교불가") -> 비교불가 | AC84: =IF(AND($F84=1,$G84=1),IF(T84>U84,"V2",IF(U84>T84,"V3","동률")),"비교불가") -> 비교불가 | AD84: Answer: empty / Consumer Decision: blocked_qa / QA Grade: failed / Publication: blocked / Publication Reason: qa_not_passed / Coverage: writer_empty / RAG Coverage: complete / Answerable: True / Evidence: medium_confidence
A85: EBX-Q-084 | B85: 거버넌스 / 전략 (Strategy) / 컴플라이언스 정책 및 목표 | C85: 컴플라이언스 / 컴플라이언스 정책 및 목표 | D85: 대웅그룹 정보보호팀은 글로벌 사업과 영업, 생산, 연구 활동의 지속가능성을 뒷받침하는 핵심 경영 인프라 조직으로서, 보안 위협으로 인한 사업 중단 리스크를 최소화하여 안정적인 비즈니스를 지원하는 것을 궁극적인 목표로 삼고 있습니다. 이를 위해 비즈니스 및 근무 환경에 최적화된 보안 기준과 원칙을 수립하고, 임직원이 이를 명확히 이해하고 동참할 수 있도록 전파함으로써 자발적인 보안 문화 정착을 추진하고 있습니다. 대웅제약은 국내 제약업계 최고 수준의 보안 역량을 넘어 글로벌 리딩 제약 기업 수준의 보안 체계 진입을 목표로 중장기 로드맵을 수립하여 운영 중입니다. 특히 거버넌스 및 컴플라이언스 고도화와 첨단 보안기술 및 혁신 인프라 구축 단계를 거쳐 글로벌 top-tier 정보보안 수준을 달성한다는 전략적 마일스톤을 설정하였으며, 목표와 이행계획을 구체화하여 로드맵을 개정하였습니다. 실행 측면에서는 국가핵심기술 보호와 해외 법인의 보안 체계 구축을 통해 글로벌 성장의 기반을 강화하고 있습니다. 또한, 정보보안관리 시스템인 ISO 27001과 개인정보 보호 경영 시스템인 ISO 27701 인증을 갱신하며 제약업계 최초로 두 인증을 3년 연속 획득함으로써, 철저한 컴플라이언스 대응을 통해 고객, 파트너 및 규제기관의 신뢰를 확보하고 있습니다. | F85: =IF(LEN(D85)>0,1,0) -> 1 | G85: =IF(LEN(E85)>0,1,0) -> 0 | H85: 644 | I85: 0 | J85: 6 | K85: 0 | L85: 106.5 | M85: 0 | N85: 0.254 | O85: 0 | P85: 0.9266 | Q85: 0 | R85: 0.664 | S85: 0 | T85: 0.667 | U85: 0 | V85: 4.66 | W85: 0 | X85: 11 | Y85: 0 | Z85: 0 | AA85: 0 | AB85: =IF(AND($F85=1,$G85=1),IF(R85>S85,"V2",IF(S85>R85,"V3","동률")),"비교불가") -> 비교불가 | AC85: =IF(AND($F85=1,$G85=1),IF(T85>U85,"V2",IF(U85>T85,"V3","동률")),"비교불가") -> 비교불가 | AD85: Answer: failed / Consumer Decision: blocked_api_status / QA Grade: failed / Publication: blocked / Publication Reason: qa_not_passed / Coverage: writer_empty / RAG Coverage: insufficient / Answerable: False / Evidence: insufficient
A86: EBX-Q-085 | B86: 거버넌스 / 거버넌스 (Governance) / 컴플라이언스 관리 조직 및 체계 | C86: 컴플라이언스 / 컴플라이언스 관리 조직 및 체계 | D86: 대웅그룹 정보보호팀은 단순한 보안 운영의 차원을 넘어 글로벌 사업과 영업, 생산, 연구 활동의 지속가능성을 뒷받침하는 핵심 경영 인프라 조직으로서 준법 관리 체계를 구축하여 운영하고 있습니다. 당사는 비즈니스 특성과 근무 환경에 최적화된 보안 기준 및 원칙을 수립하고, 이를 모든 임직원이 명확하게 이해하고 실천할 수 있도록 전파함으로써 조직 내 자발적인 보안 문화가 정착될 수 있도록 이끌고 있습니다. 특히 국가핵심기술 보호 체계를 강화하고 해외 법인의 보안 체계를 구축함으로써 글로벌 성장을 위한 안정적인 기반을 다지는 데 주력하고 있습니다. 이와 더불어 철저한 컴플라이언스 대응과 국제 표준 인증 유지를 통해 규제기관은 물론 고객 및 파트너사로부터 높은 신뢰를 확보하고 있습니다. 이러한 준법 감시 및 관리 체계의 운영 성과로, 정보보안관리 시스템인 ISO 27001과 개인정보 보호 경영 시스템인 ISO 27701 인증을 성공적으로 갱신하였습니다. 이를 통해 대웅제약은 제약업계 최초로 두 가지 국제 표준 인증을 3년 연속 획득하며 정보보호 및 개인정보 보호 분야의 전문적인 관리 역량을 입증하였습니다. | E86: 이를 위해 국가핵심기술 보호와 해외 법인 보안 체계 구축으로 글로벌 성장의 기반을 다지는 한편, 국제 표준 인증(ISO) 유지와 철저한 컴플라이언스 대응을 통해 고객 및 파트너, 규제기관의 신뢰를 확보하고 있습니다. 연구 활동의 지속가능성을 뒷받침하는 핵심 경영 인프라 조직입니다. 정보보호 목표 정보보호 전담조직 정보보안 | F86: =IF(LEN(D86)>0,1,0) -> 1 | G86: =IF(LEN(E86)>0,1,0) -> 1 | H86: 565 | I86: 180 | J86: 6 | K86: 3 | L86: 93.3 | M86: 59.3 | N86: 0.156 | O86: 0.729 | P86: 0.9134 | Q86: 0.9812 | R86: 0.402 | S86: 0.969 | T86: 1 | U86: 0.75 | V86: 3.54 | W86: 0 | X86: 11 | Y86: 0 | Z86: 0 | AA86: 0 | AB86: =IF(AND($F86=1,$G86=1),IF(R86>S86,"V2",IF(S86>R86,"V3","동률")),"비교불가") -> V3 | AC86: =IF(AND($F86=1,$G86=1),IF(T86>U86,"V2",IF(U86>T86,"V3","동률")),"비교불가") -> V2 | AD86: Answer: passed / Consumer Decision: answered_partial / QA Grade: partial / Publication: review_required / Publication Reason: missing_expected_facets / Coverage: missing_expected_facets / RAG Coverage: insufficient / Answerable: False / Evidence: insufficient
A87: EBX-Q-086 | B87: 거버넌스 / 위험 관리 (Risk Management) / 법규 준수 관련 리스크 관리 | C87: 컴플라이언스 / 법규 준수 관련 리스크 관리 | D87: EHS 전담조직을 중심으로 최신 환경 법령 및 규제 동향을 상시 모니터링하고 있으며, 각 사업장의 특성을 반영한 관리 프로세스를 구축하여 법적 요구사항이 현장에서 실질적으로 이행될 수 있도록 체계적으로 관리하고 있습니다. 대웅제약은 국내외 법규 및 규정을 철저히 준수하고 기업 윤리를 강화함으로써 법규 리스크를 최소화하는 것을 기본 원칙으로 삼고 있습니다. 특히 글로벌 사업 확장에 따른 조세 리스크 관리에 역량을 집중하고 있습니다. 국가별로 상이한 세법 체계와 조세 정책의 의도를 명확히 분석하여 세무 리스크를 사전에 식별하고, 이에 따른 예방 조치를 선제적으로 취함으로써 조세 관련 법규 위반 가능성을 효과적으로 제어하고 있습니다. 이러한 리스크 평가 과정에서는 외부 세무 전문가의 전문적인 자문과 과세 당국의 조언을 적극적으로 활용하며, 이를 바탕으로 객관적이고 합리적인 의사결정을 내리는 프로세스를 운영 중입니다. 법규 준수 실효성을 높이기 위한 구체적인 실행 체계로는 법규 검토 결과를 실제 업무에 반영하고, 준수 방안 검토를 통해 도출된 개선안을 현장에 적용하는 환류 체계를 가동하고 있습니다. 또한 부서별로 세부 실행계획을 수립하여 이행 상태를 점검하고, 임직원을 대상으로 한 법규 준수 교육을 실시하여 준법 의식을 내재화하고 있습니다. 아울러 관련 부서 간의 긴밀한 협력 조치를 통해 법규 위반 리스크를 다각도로 예방하고 관리 효율성을 지속적으로 제고하고 있습니다. | E87: 대웅제약은 국내외 법규 및 규정을 철저히 준수하고 기업 윤리를 강화하여 법규 리스크를 최소화하고 있습니다. 부패 방지를 위해 ISO 37001(부패방지경영시스템) 인증을 취득하여 국제 표준 기반의 경영 시스템을 운영하고 있으며, 공정거래자율준수프로그램(CP) 전담 조직을 설치하여 불공정 거래 리스크를 제거하고 있습니다. 조세 리스크 관리를 위해 외부 전문가 자문과 과세 당국의 조언을 바탕으로 리스크를 평가하며, 조세 피난처 이용이나 조세 회피 행위를 엄격히 금지하고 시장가격 원칙을 준수하여 이중과세 위험을 최소화합니다. 또한, EHS 전담 조직을 중심으로 최신 환경 법령 및 규제 동향을 상시 모니터링하고, 법규 입수부터 검토, 반영, 교육, 준수 상태 점검으로 이어지는 체계적인 관리 프로세스를 운영하고 있습니다. | F87: =IF(LEN(D87)>0,1,0) -> 1 | G87: =IF(LEN(E87)>0,1,0) -> 1 | H87: 716 | I87: 403 | J87: 8 | K87: 4 | L87: 88.6 | M87: 100 | N87: 0.277 | O87: 0.239 | P87: 0.9347 | Q87: 0.9356 | R87: 0.335 | S87: 0.645 | T87: 1 | U87: 0.8 | V87: 6.98 | W87: 7.44 | X87: 0 | Y87: 5 | Z87: 0 | AA87: 0 | AB87: =IF(AND($F87=1,$G87=1),IF(R87>S87,"V2",IF(S87>R87,"V3","동률")),"비교불가") -> V3 | AC87: =IF(AND($F87=1,$G87=1),IF(T87>U87,"V2",IF(U87>T87,"V3","동률")),"비교불가") -> V2 | AD87: Answer: passed / Consumer Decision: answered / QA Grade: full / Publication: published / Publication Reason: complete_grounded_answer / Coverage: complete_grounded_answer / RAG Coverage: complete / Answerable: True / Evidence: medium_confidence
A88: EBX-Q-087 | B88: 거버넌스 / 지표 (Metrics) / 법규 위반 및 준법 관련 현황 | C88: 컴플라이언스 / 법규 위반 및 준법 관련 현황 | D88: CP팀을 중심으로 법규 및 규제 위반 사항을 체계적으로 관리하며, 대웅과 대웅제약 합산 기준으로 준법 경영 현황을 면밀히 점검하고 있습니다. 회사는 경쟁저해행위 등 불공정 거래행위를 비롯하여 고객 정보 보호, 제품 정보 제공, 위조제품 관련 규정 준수, 부패 및 뇌물수수 방지 등 다양한 영역에서 발생할 수 있는 법규 및 규제 위반 리스크를 지속적으로 모니터링하고 있습니다. 대웅과 대웅제약의 합산 징계 현황을 살펴보면, 2025년 기준 징계 합계는 19건으로 집계되었습니다. 이는 2022년 1건, 2023년 8건, 2024년 11건으로 이어지며 점진적으로 증가하는 추세를 보이고 있습니다. 세부 위반 사례별로는 국내 마케팅 활동과 관련한 광고 위반 건수가 2025년 1건 발생하였으며, 이는 2022년 2건, 2023년 1건, 2024년 0건의 흐름을 나타냅니다. 또한 기타 규정 위반의 경우 2025년 1건이 확인되었으며, 과거 2022년 1건, 2023년 1건, 2024년 3건의 위반 사례가 있었습니다. 주요 행정처분 및 제재 사례로는 2023년 우루샷 광고 업무 행정처분과 페노스탑 제조업무정지 3개월 조치가 있었으며, 2024년에는 제품 회수조치가 시행되었습니다. 회사는 이러한 외부 행정처분 및 벌금 사례를 바탕으로 내부 통제 체계를 강화하고, 법규 및 규제 위반을 예방하기 위한 준법 경영 활동을 지속적으로 전개하고 있습니다. | E88: 대웅제약은 임직원의 정보보호 인식 제고를 위해 매 분기 신규 경력 입사자 대상 온보딩 교육과 반기별 신입사원 및 인턴 대상 교육을 실시하고 있으며, 이를 통해 정보보호 정책, 개인정보 컴플라이언스, 보안 솔루션 활용법 및 위반 시 제재 절차를 안내하고 있습니다. | F88: =IF(LEN(D88)>0,1,0) -> 1 | G88: =IF(LEN(E88)>0,1,0) -> 1 | H88: 695 | I88: 146 | J88: 8 | K88: 1 | L88: 86 | M88: 146 | N88: 0.247 | O88: 0 | P88: 0.8887 | Q88: 0.9211 | R88: 0.204 | S88: 0.752 | T88: 1 | U88: 0.2 | V88: 8.63 | W88: 0 | X88: 71 | Y88: 0 | Z88: 0 | AA88: 0 | AB88: =IF(AND($F88=1,$G88=1),IF(R88>S88,"V2",IF(S88>R88,"V3","동률")),"비교불가") -> V3 | AC88: =IF(AND($F88=1,$G88=1),IF(T88>U88,"V2",IF(U88>T88,"V3","동률")),"비교불가") -> V2 | AD88: Answer: passed / Consumer Decision: answered / QA Grade: full / Publication: published / Publication Reason: complete_grounded_answer / Coverage: complete_grounded_answer / RAG Coverage: complete / Answerable: True / Evidence: high_confidence
A89: EBX-Q-088 | B89: 거버넌스 / 전략 (Strategy) / 소유구조 및 주주권리 정책 | C89: 기업 소유권/운영 / 소유구조 및 주주권리 정책 | D89: IR팀을 중심으로 주주 의견을 상시 수렴하며, 기업의 소유 구조나 주요 사업 변동 및 자본 조달 정책 수립 시 주주에게 충분한 설명을 제공하고 소액 주주의 의견 수렴과 반대 주주의 권리 보호 방안을 강구하고 있습니다. 공시 대상 연도 내에 합병, 영업 양수도, 분할(물적 분할 포함), 주식의 포괄적 교환이나 이전 등 소유 구조 또는 주요 사업에 중대한 변화를 초래하는 사항은 발생하지 않았습니다. 대웅제약은 주주 권리 보호를 위한 보완 정책의 일환으로 주주총회 시 전자투표 제도를 도입하여 의결권 행사의 편의성을 높이고 있습니다. 아울러 주주총회 과정에서 소액 주주가 의견을 충분히 개진할 수 있도록 질의 및 답변 시간을 보장함으로써 주주와의 소통을 강화하고 투명한 기업 운영을 도모하고 있습니다. | E89: 대웅제약은 소액 주주의 의견을 수렴하고 반대 주주의 권리를 보호하기 위해 전자투표 도입, 주주총회 질의 및 답변 시간 부여, IR팀을 통한 의견 수렴 등의 보완 정책을 운영하고 있습니다. | F89: =IF(LEN(D89)>0,1,0) -> 1 | G89: =IF(LEN(E89)>0,1,0) -> 1 | H89: 391 | I89: 104 | J89: 4 | K89: 1 | L89: 97 | M89: 104 | N89: 0.173 | O89: 0 | P89: 0.9633 | Q89: 0.963 | R89: 0.414 | S89: 0.611 | T89: 0.333 | U89: 0.333 | V89: 2.56 | W89: 9.62 | X89: 0 | Y89: 0 | Z89: 0 | AA89: 0 | AB89: =IF(AND($F89=1,$G89=1),IF(R89>S89,"V2",IF(S89>R89,"V3","동률")),"비교불가") -> V3 | AC89: =IF(AND($F89=1,$G89=1),IF(T89>U89,"V2",IF(U89>T89,"V3","동률")),"비교불가") -> 동률 | AD89: Answer: passed / Consumer Decision: answered_partial / QA Grade: partial / Publication: review_required / Publication Reason: partial_answer / Coverage: partial_answer / RAG Coverage: insufficient / Answerable: False / Evidence: insufficient
A90: EBX-Q-089 | B90: 거버넌스 / 거버넌스 (Governance) / 소유구조 및 운영 관리 체계 | C90: 기업 소유권/운영 / 소유구조 및 운영 관리 체계 | D90: IR팀은 주주 간 이해관계가 상이한 기업의 소유 구조나 주요 사업의 변동, 그리고 자본 조달 정책과 관련하여 주주에게 충분한 설명을 제공하고 소액 주주의 의견을 수렴하는 등 다각적인 주주 보호 방안을 강구하고 있습니다. 특히 소액 주주의 의견 수렴과 권리 보호를 최우선으로 하는 정책을 마련하여, 주주총회 시 전자투표 제도를 도입함으로써 주주들이 보다 편리하고 원활하게 의결권을 행사할 수 있는 환경을 조성하고 있습니다. 또한 주주총회 과정에서 충분한 질의 및 답변 시간을 부여하여 경영진과 주주 간의 소통을 강화하고 있으며, IR팀을 통한 상시적인 의견 수렴 체계를 구축하여 주주의 권익을 보호하기 위한 보완 정책을 충실히 운영하고 있습니다. 이러한 체계적인 관리 방식을 통해 기업 운영의 투명성을 높이고 주주 가치를 제고하는 데 주력하고 있습니다. 대웅제약은 공시 대상 연도 내에 기업의 소유 구조 또는 주요 사업에 중대한 변화를 초래할 수 있는 합병, 영업 양수도, 분할 및 물적 분할, 그리고 주식의 포괄적 교환이나 이전과 같은 주요 변동 사항이 발생하지 않았음을 확인하였습니다. 회사는 앞으로도 소유 구조의 변동이나 주요 사업의 변화가 발생할 경우, 주주 보호 정책에 따라 충분한 정보 제공과 의견 수렴 과정을 거쳐 주주의 권리가 침해되지 않도록 철저히 관리할 방침입니다. | E90: 대웅제약은 공시 대상 연도 내에 기업의 소유 구조 또는 주요 사업에 중대한 변화를 초래하는 합병, 영업 양수도, 분할물적 분할 포함), 주식의 포괄적 교환이나 이전이 발생하지 않았습니다. | F90: =IF(LEN(D90)>0,1,0) -> 1 | G90: =IF(LEN(E90)>0,1,0) -> 1 | H90: 661 | I90: 104 | J90: 6 | K90: 1 | L90: 109.3 | M90: 104 | N90: 0.217 | O90: 0 | P90: 0.9582 | Q90: 1 | R90: 0.269 | S90: 1 | T90: 0.75 | U90: 0 | V90: 3.03 | W90: 0 | X90: 0 | Y90: 0 | Z90: 0 | AA90: 0 | AB90: =IF(AND($F90=1,$G90=1),IF(R90>S90,"V2",IF(S90>R90,"V3","동률")),"비교불가") -> V3 | AC90: =IF(AND($F90=1,$G90=1),IF(T90>U90,"V2",IF(U90>T90,"V3","동률")),"비교불가") -> V2 | AD90: Answer: passed / Consumer Decision: answered_partial / QA Grade: partial / Publication: review_required / Publication Reason: missing_expected_facets / Coverage: missing_expected_facets / RAG Coverage: insufficient / Answerable: False / Evidence: insufficient
A91: EBX-Q-090 | B91: 거버넌스 / 위험 관리 (Risk Management) / 소유구조 관련 리스크 관리 | C91: 기업 소유권/운영 / 소유구조 관련 리스크 관리 | D91: 이사회는 상법 제398조에 따라 주요 주주와의 거래 및 이사 겸직으로 인한 이해충돌 우려가 있는 회사와의 거래 시 승인 절차를 거치도록 하여 내부거래 및 자기거래에 대한 통제를 엄격히 준수하고 있습니다. 대웅제약은 기업의 소유 구조나 주요 사업의 변동, 자본 조달 정책 수립 시 주주 간 이해관계의 차이를 고려하여 충분한 설명을 제공하며, 소액 주주의 의견 수렴과 반대 주주의 권리 보호를 위한 다각적인 방안을 강구합니다. 실질적인 주주 권리 보호를 위해 전자투표 제도를 도입하여 의결권 행사의 편의성을 높였으며, 주주총회 내 충분한 질의 및 답변 시간을 부여함으로써 소액 주주가 의견을 자유롭게 개진할 수 있는 환경을 조성하고 있습니다. 아울러 IR팀을 통한 상시적인 의견 수렴 체계를 보완 정책으로 운영하고 있습니다. 대웅제약은 공시 대상 연도 중 합병, 영업 양수도, 분할(물적 분할 포함), 주식의 포괄적 교환이나 이전 등 소유 구조 또는 주요 사업에 중대한 변화를 초래하는 사항이 발생하지 않았습니다. | E91: 당사는 기업의 소유 구조 또는 주요 사업의 변동 및 자본 조달 정책과 관련하여 주주에게 충분히 설명하고, 소액 주주의 의견 수렴 및 반대 주주의 권리 보호 방안을 강구하고 있습니다. 이를 위해 전자투표 도입, 주주총회 내 충분한 질의 및 답변 시간 부여, IR팀을 통한 의견 수렴 등의 보완 정책을 운영하고 있습니다. 또한, 상법 제398조에 따라 주요 주주 등과의 거래 및 이사 겸직으로 인한 이해충돌 우려가 있는 거래에 대해 이사회 승인을 받는 등 내부거래 및 자기거래에 대한 통제를 준수하고 있습니다. | F91: =IF(LEN(D91)>0,1,0) -> 1 | G91: =IF(LEN(E91)>0,1,0) -> 1 | H91: 509 | I91: 283 | J91: 5 | K91: 3 | L91: 101 | M91: 93.7 | N91: 0.283 | O91: 0.142 | P91: 0.9393 | Q91: 0.9178 | R91: 0.405 | S91: 0.683 | T91: 0 | U91: 0.25 | V91: 1.96 | W91: 3.53 | X91: 3 | Y91: 3 | Z91: 0 | AA91: 0 | AB91: =IF(AND($F91=1,$G91=1),IF(R91>S91,"V2",IF(S91>R91,"V3","동률")),"비교불가") -> V3 | AC91: =IF(AND($F91=1,$G91=1),IF(T91>U91,"V2",IF(U91>T91,"V3","동률")),"비교불가") -> V3 | AD91: Answer: passed / Consumer Decision: answered_partial / QA Grade: partial / Publication: review_required / Publication Reason: missing_expected_facets / Coverage: missing_expected_facets / RAG Coverage: insufficient / Answerable: False / Evidence: insufficient
A92: EBX-Q-091 | B92: 거버넌스 / 지표 (Metrics) / 소유구조 및 주주 현황 | C92: 기업 소유권/운영 / 소유구조 및 주주 현황 | D92: 대웅제약은 기업의 소유 구조나 주요 사업의 변동, 그리고 자본 조달 정책을 수립함에 있어 주주들에게 충분한 설명을 제공하고 소액 주주의 의견 수렴과 반대 주주의 권리 보호를 위한 방안을 강구하며 주주 보호를 실천하고 있습니다. 특히 공시 대상 연도 내에 합병, 영업 양수도, 분할 및 물적 분할, 주식의 포괄적 교환이나 이전 등 기업 소유 구조나 주요 사업에 중대한 변화를 초래하는 사건은 발생하지 않았습니다. 자본 구성 및 소유 구조 현황을 살펴보면, 2025년 기준 보통주자본금은 28.9664375십억 원이며 비지배지분은 128.562439756십억 원으로 집계되었습니다. 또한 자기자본 대비 계열회사에 대한 출자총액 규모는 2022년 31.0%에서 2023년 44.030668127053666%, 2024년 42.07119741100323%를 거쳐 2025년에는 41.93832599118943%를 기록하며 일정 수준의 출자 규모를 유지하고 있는 것으로 확인됩니다. 대웅제약은 이러한 지표 관리를 통해 투명한 소유 구조를 유지하고 주주 간 이해 관계를 고려한 안정적인 경영 환경을 조성하는 데 주력하고 있습니다. | E92: 대웅제약은 기업의 소유 구조, 주요 사업의 변동 및 자본 조달 정책과 관련하여 주주에게 충분히 설명하고 소액 주주의 의견 수렴과 반대 주주의 권리 보호 방안을 강구하고 있습니다. 또한, 소액 주주의 권리 보호를 위해 전자투표 도입, 주주총회 내 충분한 질의 및 답변 시간 부여, IR팀을 통한 의견 수렴 등의 보완 정책을 운영하고 있습니다. | F92: =IF(LEN(D92)>0,1,0) -> 1 | G92: =IF(LEN(E92)>0,1,0) -> 1 | H92: 570 | I92: 190 | J92: 5 | K92: 2 | L92: 113.2 | M92: 94.5 | N92: 0.26 | O92: 0.048 | P92: 0.9607 | Q92: 0.8667 | R92: 0.395 | S92: 0.669 | T92: 0.667 | U92: 0.333 | V92: 0 | W92: 5.26 | X92: 93 | Y92: 0 | Z92: 0 | AA92: 0 | AB92: =IF(AND($F92=1,$G92=1),IF(R92>S92,"V2",IF(S92>R92,"V3","동률")),"비교불가") -> V3 | AC92: =IF(AND($F92=1,$G92=1),IF(T92>U92,"V2",IF(U92>T92,"V3","동률")),"비교불가") -> V2 | AD92: Answer: passed / Consumer Decision: answered / QA Grade: full / Publication: published / Publication Reason: complete_grounded_answer / Coverage: complete_grounded_answer / RAG Coverage: complete / Answerable: True / Evidence: high_confidence
A93: EBX-Q-092 | B93: 거버넌스 / 전략 (Strategy) / 이해관계자 소통 정책 및 방향 | C93: 이해관계자 소통 / 이해관계자 소통 정책 및 방향 | D93: 대웅제약은 임직원, 주주 및 투자자, 고객, 협력사, 지역사회, 정부 및 지방자치단체, NGO를 주요 이해관계자로 정의하고, 각 그룹의 특성과 요구사항에 최적화된 특화 커뮤니케이션 채널을 구축하여 활발한 소통 체계를 운영하고 있습니다. 이러한 소통의 핵심 방향은 다양한 이해관계자의 의견을 체계적으로 수렴하여 이를 경영 전략에 실질적으로 반영함으로써, 기업의 사회적 책임을 성실히 이행하고 각 그룹의 기대에 부응하는 지속가능한 가치를 창출하는 데 있습니다. 투명하고 책임 있는 소통 정책을 실현하기 위해 대웅제약은 지속가능경영보고서 발간과 공식 홈페이지 운영을 통해 주요 ESG 활동과 성과를 대외적으로 투명하게 공개하고 있습니다. 특히 외부 이해관계자와의 상생 협력을 강화하고자, 기업 활동에 필요한 제품과 서비스를 공급하는 협력사를 대상으로 고객만족 관점의 소통을 전개하고 있으며, 사업장이 포함된 지역주민 및 사업으로 인해 영향을 받는 지역사회 이해관계자와는 동반성장을 위한 긴밀한 협력 관계를 유지하고 있습니다. 내부 구성원과의 소통에 있어서는 노동조합과 한마음협의회, 그리고 임직원 고충처리 채널 등 다각적인 의견 수렴 창구를 활성화하여 구성원들의 목소리를 적극적으로 경청하고 있습니다. 이를 통해 접수된 의견과 요청 사항은 회사의 규정과 방침에 따라 적절한 조치가 이루어지도록 관리함으로써, 내부 구성원의 만족도를 높이고 건강한 조직 문화를 조성하는 데 주력하고 있습니다. | F93: =IF(LEN(D93)>0,1,0) -> 1 | G93: =IF(LEN(E93)>0,1,0) -> 0 | H93: 718 | I93: 0 | J93: 6 | K93: 0 | L93: 118.8 | M93: 0 | N93: 0.188 | O93: 0 | P93: 0.9832 | Q93: 0 | R93: 0.321 | S93: 0 | T93: 1 | U93: 0 | V93: 6.96 | W93: 0 | X93: 0 | Y93: 0 | Z93: 0 | AA93: 0 | AB93: =IF(AND($F93=1,$G93=1),IF(R93>S93,"V2",IF(S93>R93,"V3","동률")),"비교불가") -> 비교불가 | AC93: =IF(AND($F93=1,$G93=1),IF(T93>U93,"V2",IF(U93>T93,"V3","동률")),"비교불가") -> 비교불가 | AD93: Answer: failed / Consumer Decision: blocked_api_status / QA Grade: failed / Publication: blocked / Publication Reason: qa_not_passed / Coverage: writer_empty / RAG Coverage: insufficient / Answerable: False / Evidence: insufficient
A94: EBX-Q-093 | B94: 거버넌스 / 거버넌스 (Governance) / 이해관계자 소통 관리 체계 | C94: 이해관계자 소통 / 이해관계자 소통 관리 체계 | D94: 이사회는 인권 침해 리스크를 사전에 진단하고 관리하기 위해 관련 정책과 규정을 지속적으로 보완하며 감독 책임을 수행하고 있습니다. 대웅제약은 임직원과 이해관계자의 인권을 존중하는 인권경영 정책을 수립하여 운영 중이며, 본사 사업장을 대상으로 인권영향평가를 실시함으로써 인권 리스크를 체계적으로 진단하고 관리하는 체계를 구축하였습니다. 또한, 노동조합과 한마음협의회 및 임직원 고충처리 채널 등 다양한 소통 창구를 통해 구성원의 의견을 적극적으로 수렴하고 있습니다. 이를 통해 접수된 의견과 요청 사항은 회사의 내부 규정과 방침에 따라 적절한 조치가 이루어지도록 운영하고 있습니다. | E94: 대웅제약은 임직원과 이해관계자의 인권 존중을 위해 인권경영 정책을 수립하여 운영하고 있으며, 이사회 차원에서 관련 정책과 규정을 지속적으로 보완하고 있습니다. 또한 본사 사업장에서 인권영향평가를 실시하여 인권 리스크를 진단하고 관리할 수 있는 체계를 마련하여 운영 중입니다. | F94: =IF(LEN(D94)>0,1,0) -> 1 | G94: =IF(LEN(E94)>0,1,0) -> 1 | H94: 324 | I94: 153 | J94: 4 | K94: 2 | L94: 80.2 | M94: 76 | N94: 0.239 | O94: 0.158 | P94: 0.978 | Q94: 0.9706 | R94: 0.322 | S94: 0.681 | T94: 1 | U94: 0.75 | V94: 15.43 | W94: 13.07 | X94: 0 | Y94: 0 | Z94: 0 | AA94: 0 | AB94: =IF(AND($F94=1,$G94=1),IF(R94>S94,"V2",IF(S94>R94,"V3","동률")),"비교불가") -> V3 | AC94: =IF(AND($F94=1,$G94=1),IF(T94>U94,"V2",IF(U94>T94,"V3","동률")),"비교불가") -> V2 | AD94: Answer: passed / Consumer Decision: answered_partial / QA Grade: partial / Publication: review_required / Publication Reason: missing_expected_facets / Coverage: missing_expected_facets / RAG Coverage: insufficient / Answerable: False / Evidence: insufficient
A95: EBX-Q-094 | B95: 거버넌스 / 위험 관리 (Risk Management) / 이해관계자 관련 리스크 관리 | C95: 이해관계자 소통 / 이해관계자 관련 리스크 관리 | D95: 대웅제약은 이중 중대성 평가 방법론을 기반으로 이해관계자와의 관계 및 소통 과정에서 발생할 수 있는 잠재적 리스크를 체계적으로 식별하고 관리하고 있습니다. 우선 산업 트렌드와 국내외 규제, 주요 경쟁사 분석과 더불어 이해관계자의 의견 수렴 과정을 거쳐 ESG 이슈 후보군을 도출하며, 2024년에는 10개의 중대 이슈를 시작으로 후보군 식별 작업을 수행하였습니다. 이 과정에서 ISSB의 지속가능성 관련 리스크 및 기회 개념 중 영향 측면을 충분히 고려하고, 제약 산업의 특성과 규제 준수 여부를 종합적으로 검토하여 리스크 관리의 실효성을 높이고 있습니다. 특히 이해관계자별 특성에 맞춘 FGI를 운영하여 리스크를 세분화하여 관리하는 체계를 갖추고 있습니다. 외부 이해관계자 FGI를 통해 이해관계자가 중요하게 인식하는 ESG 이슈와 구체적인 공시 요구사항을 파악하고 이를 평가 과정에 직접 반영함으로써 소통 부재로 인한 리스크를 완화합니다. | F95: =IF(LEN(D95)>0,1,0) -> 1 | G95: =IF(LEN(E95)>0,1,0) -> 0 | H95: 471 | I95: 0 | J95: 5 | K95: 0 | L95: 93.4 | M95: 0 | N95: 0.226 | O95: 0 | P95: 0.9743 | Q95: 0 | R95: 0.271 | S95: 0 | T95: 1 | U95: 0 | V95: 2.12 | W95: 0 | X95: 6 | Y95: 0 | Z95: 0 | AA95: 0 | AB95: =IF(AND($F95=1,$G95=1),IF(R95>S95,"V2",IF(S95>R95,"V3","동률")),"비교불가") -> 비교불가 | AC95: =IF(AND($F95=1,$G95=1),IF(T95>U95,"V2",IF(U95>T95,"V3","동률")),"비교불가") -> 비교불가 | AD95: Answer: failed / Consumer Decision: blocked_api_status / QA Grade: failed / Publication: blocked / Publication Reason: qa_not_passed / Coverage: writer_empty / RAG Coverage: insufficient / Answerable: False / Evidence: insufficient
A96: EBX-Q-095 | B96: 거버넌스 / 지표 (Metrics) / 이해관계자 소통 활동 현황 | C96: 이해관계자 소통 / 이해관계자 소통 활동 현황 | D96: 대웅제약은 내·외부 이해관계자와의 다각적인 소통 채널을 운영하여 수렴된 의견을 경영 활동에 반영하고 있습니다. 외부 이해관계자 FGI를 통해서는 중요하게 인식하는 ESG 이슈와 공시 요구사항을 파악하여 평가에 반영하며, 이를 통해 2024년 10개 중대 이슈를 시작으로 산업 트렌드, 국내외 규제, 경쟁사 분석 및 이해관계자 의견 수렴을 거쳐 ESG 이슈 후보군을 식별하고 있습니다. 인권경영 분야에서는 임직원 대상 설문조사와 GPTW의 외부 평가를 통해 내부 이해관계자의 의견을 수렴하고 있으며, 지속가능경영보고서, 공식 보도자료, 홈페이지, 뉴스룸 등 다양한 채널을 통해 인권경영 성과와 활동을 정기적으로 공개하고 있습니다. 특히 2025년 기준 내부 이해관계자로부터 접수된 인권 관련 고충처리 63건에 대해 모두 처리를 완료하며 실질적인 소통과 대응을 수행하고 있습니다. | E96: 외부 평가 자료상 대웅제약은 지속가능경영보고서 발간, 공식 보도자료, 홈페이지, 뉴스룸 등을 통해 인권경영 성과와 활동을 정기적으로 공개하고 있습니다. 또한, 내부 임직원을 대상으로 한 설문조사와 GPTW 외부 평가를 통해 인권경영 성과에 대한 의견을 수렴하고 있으며, 이중 중대성 평가 과정에서 내부 및 외부 이해관계자 FGI(포커스 그룹 인터뷰)를 실시하여 ESG 이슈가 재무에 미치는 영향과 공시 요구사항 등을 파악하고 있습니다. | F96: =IF(LEN(D96)>0,1,0) -> 1 | G96: =IF(LEN(E96)>0,1,0) -> 1 | H96: 434 | I96: 243 | J96: 4 | K96: 2 | L96: 107.8 | M96: 121 | N96: 0.347 | O96: 0.306 | P96: 0.9504 | Q96: 0.9145 | R96: 0.41 | S96: 0.515 | T96: 0.75 | U96: 0.5 | V96: 2.3 | W96: 0 | X96: 12 | Y96: 0 | Z96: 1 | AA96: 0 | AB96: =IF(AND($F96=1,$G96=1),IF(R96>S96,"V2",IF(S96>R96,"V3","동률")),"비교불가") -> V3 | AC96: =IF(AND($F96=1,$G96=1),IF(T96>U96,"V2",IF(U96>T96,"V3","동률")),"비교불가") -> V2 | AD96: Answer: passed / Consumer Decision: answered_partial / QA Grade: cautious / Publication: review_required / Publication Reason: assessment_only / Coverage: assessment_only / RAG Coverage: complete / Answerable: True / Evidence: medium_confidence

Sheet 05_대표사례
A1: 대표 사례 — 점수의 근거가 되는 실제 문장
A3: 사례 유형 | B3: 지표ID / 항목 | C3: V2 본문 | D3: V3 본문 | E3: 읽는 법
A4: V3 우세 — 근거 충실 + 간결 | B4: EBX-Q-020 환경경영 정책 및 목표 | C4: 대웅제약은 탄소배출 및 오염물질 저감 등 친환경 경영을 통한 무재해를 추구하며, 전 임직원의 철저한 책임의식과 적극적인 의무 이행 참여를 바탕으로 법적 규제 및 정해진 절차를 엄격히 준수하는 환경경영을 실현하고 있습니다. 이를 위해 ISO14001 환경경영시스템에 기반하여 관리 절차와 프로세스를 체계적으로 수립하고 운영함으로써, 제품 제조과정에서 발생할 수 있는 잠재적인 환경 문제와 기후변화 리스크에 선제적으로 대응하고 환경에 미치는 부정적인 영향을 최소화하는 데 주력하고 있습니다. 회사는 환경 관련 정보를 체계적으로 수집하고 평가하는 관리 체계를 구축하여 운영 중이며, 환경 개선을 위해 측정 가능한 목표를 설정하고 해당 목표의 적절성을 정기적으로 점검함으로써 실행력을 높이고 있습니다. 이러한 환경 성과 개선 노력은 단순한 기업 활동의 범위를 넘어 제품과 서비스의 개발 및 제공 전 과정으로 확대하여 지속적으로 추진하고 있습니다. 또한, 전 임직원을 대상으로 환경 관련 교육과 훈련을 정기적으로 실시함으로써 환경 경영에 대한 인식을 제고하고 실질적인 이행 역량을 강화하고 있습니다. 이를 통해 전사적인 환경 보호 및 지속가능한 운영 체계를 공고히 하며, 규제 준수를 넘어선 능동적인 환경 관리 문화를 정착시키고 있습니다. | D4: 대웅제약은 탄소배출 및 오염물질 저감 등 친환경 경영을 통한 무재해를 추구하며, ISO14001 환경경영시스템에 따라 관리 절차와 프로세스를 체계적으로 수립 및 운영하고 있습니다. 이를 통해 제품 제조과정에서 발생할 수 있는 환경 문제와 기후변화에 선제적으로 대응하여 환경에 미치는 부정적인 영향을 최소화하고 있습니다. 외부 평가 자료상 또한, 환경경영체제를 수립 및 유지하며 환경 개선을 위한 측정 가능한 목표를 설정하고 정기적으로 점검하며, 제품과 서비스의 개발 및 제공 과정에서 환경 성과를 개선하기 위한 노력을 지속하고 있습니다. | E4: V2는 6문장으로 늘어나며 "능동적인 환경 관리 문화를 정착시키고 있습니다" 같은 무근거 마무리를 덧붙임. V3는 ISO14001 중심으로 근거 내에서 끝냄. 다만 V3의 "외부 평가 자료상 또한," 는 비문.
A5: V3 우세 — 상투어 절제 | B5: EBX-Q-001 ESG 비전 및 중장기 전략 | C5: 대웅제약은 인류와 지구의 건강을 지키는 기업이라는 ESG 비전을 수립하고, 경제적·사회적·환경적 지속가능성을 균형 있게 고려한 ESG 경영을 추진하고 있습니다. 특히 보다 강화된 윤리경영을 통해 신뢰받는 기업으로 거듭나기 위한 진보하는 윤리경영을 추진하며, ESG 체계의 고도화와 책임 있는 경영 실천을 지속적으로 강화하고 있습니다. | D5: 검토 중인 제안 자료상 대웅제약은 ‘인류와 지구의 건강을 지키는 기업’이라는 ESG 비전 아래 경제적, 사회적, 환경적 지속가능성을 균형 있게 고려한 ESG 경영을 추진하고 있습니다. ‘CARE for people and planet’ 전략을 기반으로 Cure, Advance, Respect, Earth의 4대 방향성을 설정하여 영역별 핵심 과제와 세부 실행과제를 수립하였으며, 이를 통해 ESG 체계 고도화와 책임 있는 경영 실천을 강화하고 있습니다. | E5: V3만 CARE 전략의 4대 방향성(Cure/Advance/Respect/Earth)이라는 실제 고유정보를 담음. V2는 같은 자리에서 "지속적으로 강화하고 있습니다"로 흘림. 반면 V3는 "검토 중인 제안 자료상"으로 시작해 첫인상을 해침.
A6: V2 우세 — 항목 적합성 | B6: EBX-Q-063 구성원 다양성 현황 | C6: 대웅제약은 성별과 연령 등 인적 구성의 다양성을 확보하여 포용적인 조직 문화를 조성하고 임직원이 함께 성장할 수 있는 환경을 구축하고 있습니다. 2025년 기준 임직원 구성 현황을 살펴보면, 남성 인력은 1,136명이며 여성 인력은 정규직 617명, 기간제 근로자 41명, 소속 외 근로자 133명으로 구성되어 성별 다양성을 유지하고 있습니다. 연령별로는 30세 미만 인력이 450명, 30세에서 50세 사이의 인력이 1,251명으로 집계되어 다양한 세대가 조화를 이루며 근무하는 환경을 운영하고 있습니다. 특히 사회적 약자에 대한 실질적인 고용 기회를 확대하여 다양성과 포용성의 가치를 실천하고 있습니다. 2025년 12월 기준 베어마트에는 10명의 발달장애인과 2명의 직무전문가가 근무하고 있으며, 4인 1조 3교대 체계를 도입하여 장애인 근로자가 안정적으로 근무할 수 있는 환경을 제공하고 있습니다. 대웅제약은 이러한 포용적 고용 정책을 지속적으로 강화하여 2026년까지 장애인 고용 규모를 총 11인 수준으로 확대할 계획이며, 앞으로도 다양성과 포용성을 기반으로 장애인 고용 기회를 지속적으로 확대해 나갈 예정입니다. | D6: 대웅제약은 포용적 고용 환경 조성을 위해 장애인 등 고용 취약계층의 일자리를 확대하고 있습니다. 검토 중인 제안 자료상 또한, 2016년 업계 최초로 성별 구분 없이 동등한 기회를 제공하는 직무급 제도를 도입하여 여성 리더십 발휘를 지원하고 있습니다. | E6: ★ 가장 극명한 사례. 항목이 요구한 것은 "다양성 현황" 즉 인원 구성. V2는 남성 1,136명·여성 정규직 617명·연령대별 인원까지 제시. V3는 이를 전부 버리고 2016년 직무급 제도만 언급 — 항목이 묻지 않은 내용.
A7: V2 우세 — 구체성 | B7: EBX-Q-044 오염물질 및 배출 관리 정책 | C7: 대웅제약은 ENCORE 분석을 통한 자연 영향 평가를 실시하여 제약·바이오 산업이 대기오염물질 배출, 온실가스 배출, 고형폐기물 발생 및 배출, 수계와 토양으로의 유독성 오염물질 및 영양염류 배출, 소음과 빛 등 교란 요인, 물 사용량 측면에서 중간 수준의 영향을 미칠 수 있음을 확인하였습니다. 이러한 분석 결과를 바탕으로 제조 및 연구개발 과정에서 발생하는 물 사용, 폐수, 폐기물, 화학물질, 대기오염물질을 기업의 주요 자연 영향 요인으로 인식하고 이를 체계적으로 관리하는 정책을 추진하고 있습니다. 대기오염물질 관리의 경우, 모든 배출 항목을 법적 허용기준 이내로 꾸준하게 관리하고 있습니다. 특히 배출총량 중 증가세를 보인 질소산화물에 대해서는 2023년 별도의 개선계획을 수립하였으며, 이를 바탕으로 배출 저감을 위한 실행 과제들을 추진하고 있습니다. 수질오염물질 또한 법적 허용기준을 엄격히 준수하며 관리하고 있으며, 2021년부터 배출총량이 개선되는 추세를 보였으며 2023년에도 매출 대비 배출량 수준을 안정적으로 유지하는 성과를 거두었습니다. 향후 대웅제약은 각 사업장에서 발생하는 환경 데이터를 정밀하게 분석하여 자연 영향의 발생 원인과 규모를 구체적으로 파악할 예정입니다. 이를 통해 수자원 효율화, 폐수 및 오염물질 관리, 폐기물 저감 등 자연자본에 미치는 부정적 영향을 최소화하기 위한 완화 활동을 더욱 강화함으로써 환경 책임 경영을 실현해 나갈 계획입니다. | D7: 대웅제약은 대기 및 수질 오염물질을 법적 허용기준 이내로 관리하고 있습니다. 대기 오염물질의 경우, 질소산화물(NOx) 증가에 따라 2023년 개선계획을 수립하여 실행할 예정이며, 수질 오염물질 배출량은 2021년부터 개선되어 2023년에도 매출 대비 배출 수준을 유지하고 있습니다. 검토 중인 제안 자료상 또한, 제조 및 연구개발 과정에서 발생하는 폐수, 화학물질, 대기오염물질을 주요 자연 영향 요인으로 인식하고 있으며, 향후 사업장별 환경 데이터를 기반으로 오염물질 관리 등 자연자본 영향 완화 활동을 강화할 계획입니다. | E7: V2는 ENCORE 분석, 질소산화물 개선계획 수립 연도, 수질 배출 추세까지 전개. V3는 핵심만 남겼으나 ENCORE 등 고유명사가 탈락. 다만 V2의 후반부는 Evidence 밖 서술 비중이 높음.
A8: V2 단독 작성 | B8: EBX-Q-011 인권 관련 고충 및 처리 현황 | C8: 대웅제약은 협력적인 노사소통 활성화를 통해 내부 이해관계자의 인권을 보호하고 고충을 해결하는 체계를 운영하고 있습니다. 2025년 기준 내부 이해관계자로부터 접수된 인권 관련 고충 처리 건수는 총 63건이며, 접수된 모든 건에 대해 처리를 완료하여 인권 보호 및 고충 해결을 위한 실효성 있는 관리 성과를 거두었습니다. | D8: (공란) | E8: V2는 "2025년 인권 고충 63건 접수·전건 처리 완료"라는 검증 가능한 수치를 작성. V3는 QA Grade failed로 차단(RAG Coverage는 complete, Evidence는 high_confidence였음) — 통과 기준이 과보수적으로 걸린 사례.
A9: V3 우세 — 과잉생성 억제 | B9: EBX-Q-060 다양성 및 포용성 정책 및 목표 | C9: 대웅제약은 장애인 등 고용 취약계층의 안정적인 일자리 확대와 조직 내 다양성 제고를 위해 포용적인 고용 환경을 조성하는 데 주력하고 있습니다. 이를 위해 채용 과정에서 직무별 채용공고에 장애인 우대사항을 명시하여 실질적인 채용 기회를 확대하고 있으며, 발달장애인 고용 전문기업과 협력하여 사내 매점인 '베어마트'를 운영함으로써 지속가능한 일자리 모델을 구축하고 있습니다. 베어마트는 2025년 12월 기준 발달장애인 10명과 직무전문가 2명이 근무하고 있으며, 4인 1조 3교대 체계를 통해 안정적인 근무 환경을 제공하고 있습니다. 대웅제약은 이러한 포용적 고용 정책을 바탕으로 2026년까지 장애인 고용 규모를 총 11인 수준으로 확대할 계획이며, 앞으로도 다양성과 포용성을 기반으로 고용 기회를 지속적으로 넓혀갈 예정입니다. 아울러 '자율'과 '성장'의 가치를 바탕으로 일과 가정이 조화롭게 병행될 수 있는 제도를 정착시키고 이를 조직 내에 적극적으로 확산시킨 결과, 2025년 여성가족부 주관 '가족친화 선도기업'으로 인증 및 선정되며 성별과 생애주기를 포용하는 조직문화 조성 성과를 거두었습니다. 대웅제약은 앞으로도 차별 없는 고용 환경과 가족친화적인 제도를 통해 구성원 모두가 존중받는 포용적 기업 문화를 강화해 나갈 방침입니다. | D9: 대웅제약은 장애인 등 고용 취약계층의 안정적인 일자리 확대와 조직 내 다양성 제고를 위해 포용적 고용 환경 조성을 추진하고 있습니다. 채용 과정에서 직무별 공고에 장애인 우대사항을 명시하여 기회를 확대하고 있으며, 발달장애인 고용 전문기업과 협력하여 사내 매점 ‘베어마트’를 통해 지속가능한 일자리 모델을 구축하고 있습니다. 2025년 12월 기준 베어마트에는 10명의 발달장애인이 근무하고 있으며, 2026년까지 장애인 고용 규모를 총 11인 수준으로 확대할 계획입니다. 검토 중인 제안 자료상 또한, 2016년 업계 최초로 성별 구분 없이 동등한 기회를 제공하는 직무급 제도를 도입하여 여성 인재 육성과 리더십 발휘를 지원하고 있습니다. | E9: V2 마지막 문단의 "2025년 여성가족부 가족친화 선도기업 인증"은 Evidence에서 확인되지 않는 서술. V3는 베어마트·11인 목표까지만 쓰고 멈춤. 사실이면 V2가 낫지만, 사실 확인 전에는 V2가 감사 리스크.

Sheet 06_Appendix_출처
A1: Appendix — 평가 기준의 출처와 활용 방법
A2: 01_평가기준 시트의 10개 항목이 각각 어떤 문헌에서 왔는지, 그리고 어디까지가 문헌이고 어디부터가 이 분석의 자체 설계인지를 구분해 정리했습니다.
A4: 1. 내용 품질 축 — GRI 1: Foundation 2021
A5: 지속가능경영보고서라는 장르의 품질 기준으로 사실상 표준. 정확성·균형·명확성·비교가능성·완전성·지속가능성 맥락·적시성·검증가능성 8개 원칙을 규정하며, GRI 기준에 따라 작성했다고 주장하려면 이 원칙들을 적용해야 한다고 명시합니다.
A6: 자료 | B6: 발행처 / 연도 | C6: 링크 | D6: 이 분석에서 도출한 항목 | E6: 확인한 범위
A7: GRI 1: Foundation 2021 (원문) | B7: Global Sustainability Standards Board / 2021 | C7: https://www.globalreporting.org/publications/documents/english/gri-1-foundation-2021/ | D7: C1 완전성, C2 항목 적합성, C3 근거 충실성·검증가능성, C4 균형성, C5 구체성, C6 명확성 | E7: 원칙 목록 및 적용 요건 — 확정적 사실로 확인
A8: GSSB 보고원칙 상세 (개정 GRI 101 Section 4, PDF) | B8: Global Reporting Initiative | C8: https://www.globalreporting.org/media/uaqpeetc/item-06-gri-universal-standards-project-revised-gri-101-section-4-reporting-principles.pdf | D8: C3을 완전성에서 분리한 근거. "완전성은 상세도 수준과 이용 가능한 증거와의 일관성에 좌우된다"는 규정에 따라 근거 충실성을 독립 항목화 | E8: 해당 대목만 확인 — 전문 통독은 하지 않음
A10: 2. 문체 인간유사성 축 — AI 생성문 탐지 문헌
A11: "AI 텍스트는 인간 대비 문장 구조가 균일하고 어휘 반복률이 높다"는 공통 관찰에서 C8·C9·C10을 도출. 단, 이 지표들의 한계를 지적하는 반론 문헌을 의도적으로 함께 반영했습니다.
A12: 자료 | B12: 발행처 / 연도 | C12: 링크 | D12: 이 분석에서 도출한 항목 | E12: 확인한 범위
A13: A Comparative Analysis of AI-Generated and Human-Written Text (Kujur) | B13: SSRN / 2025 | C13: https://papers.ssrn.com/sol3/Delivery.cfm/5833302.pdf?abstractid=5833302 | D13: C8 버스티니스, C9 상투어 회피, C10 어휘 다양성 | E13: 초록 수준 — AI 문장의 낮은 퍼플렉시티·균일한 구조·높은 어휘 반복률. 다만 모델 발전에 따라 이 차이가 축소된다는 단서도 함께 제시됨
A14: AI-Generated Text Detection: A Comprehensive Review | B14: ScienceDirect / 2026 | C14: https://www.sciencedirect.com/org/science/article/pii/S1546221826000482 | D14: 탐지 신호 분류 체계(어휘 분포·버스티니스·구문 규칙성·담화 일관성)를 항목 구성 틀로 참조 | E14: 초록 수준
A15: ★ Why Perplexity and Burstiness Fail to Detect AI | B15: Pangram / 2025 | C15: https://www.pangram.com/blog/why-perplexity-and-burstiness-fail-to-detect-ai | D15: 반론 자료. 버스티니스 가중치를 5~10점으로 낮게 두고, 3문장 이상으로 길이를 통제해 재검증한 근거 | E15: 핵심 논지 확인 — 비원어민 글이 낮은 버스티니스로 AI 오판되며, 성경·미국 헌법 일부도 AI로 분류된 사례가 있음
A17: ★ 이 반론 자료가 실제로 결론을 바꿨습니다
A18: 전체 평균 버스티니스만 보면 V2가 0.230, V3가 0.185로 "V2가 훨씬 사람 같다"는 결론이 나옵니다. 그러나 Pangram의 지적(짧고 단순한 텍스트일수록 버스티니스가 구조적으로 낮게 나옴)에 따라 3문장 이상인 28건만 재계산하자 0.242 vs 0.249로 오히려 V3가 근소 우위로 뒤집혔습니다. 이 반론을 참조하지 않았다면 오판했을 지점입니다. 03_지표실측 시트에서 두 행을 나란히 비교해 보실 수 있습니다.
A20: 3. 평가 축 설계 — NLG 인간평가 문헌
A21: "자연스러움"을 단일 척도로 두지 않고 유창성·충실성·정보성으로 분해한 근거.
A22: 자료 | B22: 발행처 / 연도 | C22: 링크 | D22: 이 분석에서 도출한 항목 | E22: 확인한 범위
A23: Twenty Years of Confusion in Human Evaluation: NLG Needs Evaluation Sheets and Standardised Definitions (Howcroft et al.) | B23: INLG 2020 / ACL Anthology | C23: https://aclanthology.org/2020.inlg-1.23/ · PDF: https://pure.hw.ac.uk/ws/portalfiles/portal/54138831/2020.inlg_1.23.pdf | D23: C7 유창성(Fluency), C3 충실성(Faithfulness), C5 정보성(Informativeness) | E23: 초록 및 요약 수준 — NLG 논문 165편 분석 결과 품질 측면을 지칭하는 용어가 200개 넘게 난립하며, 유창성·일관성·커버리지·적합성 등을 함께 평가해야 하는 다면적 과제라는 결론
A25: 4. ⚠ 반드시 함께 읽어야 할 한계
A26: 이 분석을 인용하거나 외부에 공유하실 때 아래 네 가지를 함께 전달해 주십시오.
A27: 구분 | B27: 내용 | C27: 실무상 의미
A28: 문헌 확인 범위 | B28: 위 자료들은 검색 결과 스니펫과 초록 수준에서 확인했으며, 논문 전문을 통독하지 않았습니다. GRI 원칙 목록처럼 확정적인 사실은 신뢰할 수 있으나, 세부 방법론까지 이 자료들에 근거한다고 보기는 어렵습니다. | C28: 외부 보고에 인용하실 경우 원문 재확인을 권장합니다.
A29: 측정 방법은 자체 설계 | B29: 문헌은 "무엇을 봐야 하는가"까지만 제공했습니다. "근거 충실성 = 문자 4-gram 중복률", "항목 적합성 = Field 키워드 출현율" 같은 조작적 정의는 이 두 엑셀 파일의 구조에 맞춰 본 분석에서 설계한 것으로, 문헌에서 가져온 표준 지표가 아닙니다. | C29: 지표 정의 자체가 검토·수정 대상입니다.
A30: 한국어 검증 부재 | B30: 버스티니스·MATTR 관련 연구는 대부분 영어 기준입니다. 어절 단위로 계산한 한국어 지표가 동일한 해석력을 갖는지는 검증되지 않았습니다. | C30: V2·V3를 동일한 방식으로 측정했으므로 상대 비교는 유효합니다. 다만 절대 수치(예: MATTR 0.94)를 다른 문서·다른 언어와 비교하는 데는 사용하지 마십시오.
A31: 가중치는 판단값 | B31: 01_평가기준 시트의 가중치A·B(노란색 셀)는 데이터에서 도출된 값이 아니라, 두 가지 관점을 대표하도록 임의 배분한 판단값입니다. | C31: 조직의 우선순위에 맞게 수정하십시오. 값을 바꾸면 02_종합비교와 00_결론요약의 총점이 자동 재계산됩니다.
A33: 5. 이 파일을 다시 쓰는 방법
A34: 하고 싶은 일 | B34: 방법
A35: 가중치를 우리 기준으로 바꾸고 싶다 | B35: 01_평가기준 시트 E10:F19(노란색·파란 글씨)을 수정하십시오. 각 열의 합이 100이 되도록 맞추면 02_종합비교의 가중 합계와 00_결론요약의 총점이 함께 갱신됩니다. 재무모델 관례에 따라 노란 채움+파란 글씨는 "입력 셀"을 뜻합니다.
A36: 항목 점수(5점 척도)에 동의하지 않는다 | B36: 02_종합비교 시트 B5:C14를 직접 수정하십시오. 같은 행 E열에 판정 근거가 된 실측 수치가, F열에 판정 사유가 병기되어 있으니 먼저 확인하시기 바랍니다.
A37: 다른 회차 산출물(V4 등)에 같은 평가를 적용하고 싶다 | B37: 04_항목별비교 시트의 지표 정의(글자수·문장수·CV·MATTR·근거일치율·항목적합도·상투어밀도·헤지구)를 동일하게 계산하면 됩니다. 다만 근거일치율과 항목적합도는 Original Evidence 열과 Field 열이 있어야 산출 가능합니다.
A38: 특정 항목의 판정을 직접 검증하고 싶다 | B38: 04_항목별비교 시트에서 해당 지표ID를 찾아 D열(V2 본문)과 E열(V3 본문)을 원문 그대로 대조하십시오. 대표 사례 6건은 05_대표사례 시트에 읽는 법과 함께 정리되어 있습니다.
A39: 길이 효과가 의심된다 | B39: 03_지표실측 시트에서 "(전체)"와 "3문장 이상 28건만" / "길이 통제" 행을 함께 보십시오. 두 값이 갈리는 지표는 길이 교란이 있는 것이므로 통제 후 값을 신뢰하십시오.
